,name,code,brand,packing_spec,price,promotion_price,category_name,category_code,store_name,store_code,rating,stock_status,country_of_origin,delivery_name,url,image_url,last_update
0,Frozen Cooked Head On Shell On Shrimp,H0888001_S_10012836,CP,800g^,149.0,119.0,Seafood,AA11112000001,THE MARKET,H0888001,4.643192488262911,inStock,Thailand,immediate shipment,main/%E5%A4%A7%E8%A1%97%E5%B8%82/s/H0888001/Supermarket/Supermarket/Chilled-Frozen-Food/Seafood/Frozen-Cooked-Head-On-Shell-On-Shrimp/p/H0888001_S_10012836,//images.hktvmall.com/h0888001/50310/h0888001_10012836_160726091323_01_300.jpg,2018-07-29 02:05:15.822843
1,Box Facial Tissue (Moomin Version),H0888001_S_10131983,HKTVmall,5 Boxes,26.9,23.9,Boxed Facial Tissues,AA11801000001,THE MARKET,H0888001,4.3869565217391315,inStock,China,immediate shipment,main/%E5%A4%A7%E8%A1%97%E5%B8%82/s/H0888001/Supermarket/Supermarket/Tissues%2C-Disposable-%26-Household-Products/Boxed-Facial-Tissues/Box-Facial-Tissue-Moomin-Version/p/H0888001_S_10131983,//images.hktvmall.com/h0888001/635445d9c61eca7acb8784f0ea0976f16d52c111/h0888001_10131983_180507095940_01_300.jpg,2018-07-29 02:05:15.823507
2,Australia Wagyu Beef Set (Frozen),H0888001_S_10133601,Willow Green Wagyu,1 SET,336.0,199.0,Beef,AA11112510001,THE MARKET,H0888001,3.7916666666666665,inStock,Australia,immediate shipment,main/%E5%A4%A7%E8%A1%97%E5%B8%82/s/H0888001/Supermarket/Supermarket/Chilled-Frozen-Food/Meat/Beef/Australia-Wagyu-Beef-Set-Frozen/p/H0888001_S_10133601,//images.hktvmall.com/h0888001/5a0cee3b417c0c25ad4aa03bc5b11d7621f0c4c5/h0888001_10133601_180706043321_01_300.jpg,2018-07-29 02:05:15.823853
3,2L Japanese Boiled Scallop (Frozen),H0888001_S_10130756,THE MARKET,1kg,229.0,179.0,Seafood,AA11112000001,THE MARKET,H0888001,4.132530120481928,inStock,Japan,immediate shipment,main/%E5%A4%A7%E8%A1%97%E5%B8%82/s/H0888001/Supermarket/Supermarket/Chilled-Frozen-Food/Seafood/2L-Japanese-Boiled-Scallop-Frozen/p/H0888001_S_10130756,//images.hktvmall.com/h0888001/b8d426406e73d001259f44d22471f7213a705fd0/h0888001_10130756_180309122734_01_300.jpg,2018-07-29 02:05:15.824180
4,US Angus Beef Cube (2 pack bundle) (Frozen),H0888001_S_10019691A,THE MARKET,454g x2,199.8,139.8,Frozen Snacks,AA11118200001,THE MARKET,H0888001,4.0,inStock,USA,immediate shipment,main/%E5%A4%A7%E8%A1%97%E5%B8%82/s/H0888001/Supermarket/Supermarket/Chilled-Frozen-Food/Frozen-Snacks/US-Angus-Beef-Cube-2-pack-bundle-Frozen/p/H0888001_S_10019691A,//images.hktvmall.com/h0888001/15b36f8e087c94bbddcc5127b02f4204c9d6eaba/h0888001_10019691a_180710025102_01_300.jpg,2018-07-29 02:05:15.824498
5,4-D Deluxe 4-ply Roll Tissue 12 rolls,H0888001_S_10019020,Vinda,12 Rolls,38.5,36.5,Bathroom Tissues,AA11800500001,Vinda Hong Kong Official Store,H1066001,4.602099236641221,inStock,China,immediate shipment,main/Vinda/s/H1066001/Supermarket/Supermarket/Tissues%2C-Disposable-%26-Household-Products/Bathroom-Tissues/4D-Deluxe-4ply-Roll-Tissue-12-rolls/p/H0888001_S_10019020,//images.hktvmall.com/h0888001/436673c0d895e6aa4f83d0124263108091aa7229/h0888001_10019020_180409114945_01_300.jpg,2018-07-29 02:05:15.824810
6,"50"" 4K Ultra Slim Smart LED TV 50PUD6172 (HK Version) No Free Installation",H5862002_S_50PUD6172,Philips,,5490.0,3590.0,TV,AA85105000001,Philips TV,H5862002,4.0,inStock,CHINA,merchant delivery,main/Philips-TV/s/H5862002/Electrical-Appliances/Electrical-Appliances/TV-%26-Entertainment/Television-%26-Video/LCD-TV/50-59-inch-TV/50-4K-Ultra-Slim-Smart-LED-TV-50PUD6172-HK-Version-No-Free-Installation/p/H5862002_S_50PUD6172,//images.hktvmall.com/h5862002/4723732201c02a3cbed254654ac1273c52288144/h5862002_50pud6172_180709094403_01_300.jpg,2018-07-29 02:05:15.825124
7,Thai Hom Mali Rice,H0888001_S_10016339,Golden Phoenix.,5kg,99.0,79.9,Thai Rice,AA11381030001,THE MARKET,H0888001,4.53968253968254,inStock,Thailand,immediate shipment,main/%E5%A4%A7%E8%A1%97%E5%B8%82/s/H0888001/Supermarket/Supermarket/Rice-%26-Cooking-Oil/Rice/Thai-Rice/Thai-Hom-Mali-Rice/p/H0888001_S_10016339,//images.hktvmall.com/h0001001/d34572c948335c850acc54a52f18c2d3a5e87b4c/h0001001_h0888001_s_10016339_161207110423_01_300.jpg,2018-07-29 02:05:15.825558
8,[FULL CASE] Coconut Water,H0888001_S_P10020927,iF,350ml x 24,269.9,199.9,Bottled Juices,AA11222010001,THE MARKET,H0888001,4.651666666666666,inStock,Thailand,immediate shipment,main/%E5%A4%A7%E8%A1%97%E5%B8%82/s/H0888001/Supermarket/Supermarket/Beverages/Juices/Bottled-Juices/FULL-CASE-Coconut-Water/p/H0888001_S_P10020927,//images.hktvmall.com/h0001001/3d59dc1c6f83690337b615bf8ac3eca13a461308/h0001001_h0888001_s_p10020927_180703030448_01_300.jpg,2018-07-29 02:05:15.825893
9,V8 Absolute UK version (Parallel Imported),H5912001_S_D0029,Dyson,,6480.0,3460.0,Vacuum Cleaners,AA85403500001,UNIVERSAL,H5912001,3.35,inStock,Malaysia,2-day group shipment,main/UNIVERSAL/s/H5912001/Electrical-Appliances/Electrical-Appliances/Home-Appliances/Vacuum-Cleaner/Wireless-Vacuum-Cleaner/V8-Absolute-UK-version-Parallel-Imported/p/H5912001_S_D0029,//images.hktvmall.com/h5912001/662b1b0e8a362d49a09854c20e6ef73c1ae74538/h5912001_d0029_180725065825_01_300.jpg,2018-07-29 02:05:15.826219
10,[Full Case] Oolong Tea 500ML,H0888001_S_P10004263,Robiff,500ML x 24,237.6,142.0,Bottled Tea,AA11224510001,THE MARKET,H0888001,4.683604985618408,inStock,China,immediate shipment,main/%E5%A4%A7%E8%A1%97%E5%B8%82/s/H0888001/Supermarket/Supermarket/Beverages/Tea-Drinks/Bottled-Tea/Full-Case-Oolong-Tea-500ML/p/H0888001_S_P10004263,//images.hktvmall.com/h5156001/aae0a788706a91104d56467d5c2ce7a47301526f/h5156001_h0888001_s_p10004263_170601110137_01_300.jpg,2018-07-29 02:05:15.826533
11,[Full Case]  Coca-Cola,H0888001_S_P10021200,Coca-Cola,330毫升 x 8 x 3,164.4,75.9,Soft Drinks,AA11221500001,THE MARKET,H0888001,4.475183823529412,inStock,Hong Kong,immediate shipment,main/%E5%A4%A7%E8%A1%97%E5%B8%82/s/H0888001/Supermarket/Supermarket/Beverages/Soft-Drinks/Full-Case-CocaCola/p/H0888001_S_P10021200,//images.hktvmall.com/h0888001/e3c6e57936fe20cab0ab9385d96a38fdec916ebb/h0888001_p10021200_180108122817_01_300.jpg,2018-07-29 02:05:15.826850
12,[Full Case] Plus - Can,H0888001_S_P10132277,Coca-Cola,330ml x 24,164.4,79.9,Soft Drinks,AA11221500001,THE MARKET,H0888001,4.344978165938865,inStock,Hong Kong,immediate shipment,main/%E5%A4%A7%E8%A1%97%E5%B8%82/s/H0888001/Supermarket/Supermarket/Beverages/Soft-Drinks/Full-Case-Plus-Can/p/H0888001_S_P10132277,//images.hktvmall.com/h0888001/af96a37ecde1c2cebf9dd770b5621661881223b1/h0888001_p10132277_180418023320_01_300.jpg,2018-07-29 02:05:15.827213
13,FRANCE MID JOINT WINGS (Frozen),H0888001_S_10022800,Nature's Farm,around 2lb^,56.9,39.9,Poultry,AA11112530001,THE MARKET,H0888001,4.356562922868742,inStock,France,immediate shipment,main/%E5%A4%A7%E8%A1%97%E5%B8%82/s/H0888001/Supermarket/Supermarket/Chilled-Frozen-Food/Meat/Poultry/FRANCE-MID-JOINT-WINGS-Frozen/p/H0888001_S_10022800,//images.hktvmall.com/g3001001/e1af8abba3263e45f984d2e40086c29df3c4f3be/g3001001_h0888001_s_10022800_170615102801_01_300.jpg,2018-07-29 02:05:15.827530
14,EVERYTIME (3g) Gift Set (30pcs) - decaffeinated energy healthy drinks,H5610001_S_S-6-EXTRACT-E-SET,Cheong-Kwan-Jang,,920.0,799.0,General Health,AA47101000001,Cheong Kwan Jang,H5610001,4.636363636363637,inStock,Korea,immediate shipment,main/%E6%AD%A3%E5%AE%98%E5%BA%84/s/H5610001/Beauty-%26-Health/Beauty-%26-Health/Health/Lingzhi-Cordyceps-%26-Ginseng/EVERYTIME-3g-Gift-Set-30pcs-decaffeinated-energy-healthy-drinks/p/H5610001_S_S-6-EXTRACT-E-SET,//images.hktvmall.com/h5610001/774476c9cb8d3e6ebb4ac440fd22244ce96d3e90/h5610001_s6extracteset_180726092447_01_300.jpg,2018-07-29 02:05:15.827850
15,Supreme Baby Soft Scented 10R,H0888001_S_10050052,Andrex,10 Rolls,42.9,29.0,Bathroom Tissues,AA11800500001,Andrex/Kleenex/Scott Offical Tissue Store,H0551003,4.515243902439026,inStock,,immediate shipment,main/Kimberly-Clark-Family-Care-Store/s/H0551003/Supermarket/Supermarket/Tissues%2C-Disposable-%26-Household-Products/Bathroom-Tissues/Supreme-Baby-Soft-Scented-10R/p/H0888001_S_10050052,//images.hktvmall.com/h0888001/93d4aa86950bc061b1bf68cc6b3ddcbf4745d310/h0888001_10050052_161129031533_01_300.jpg,2018-07-29 02:05:15.828271
16,Premium Jasmine Rice,H0888001_S_10016911,Golden Elephant Brand,8kg,99.9,97.8,Others,AA11381040001,THE MARKET,H0888001,4.5075,inStock,Hong Kong,immediate shipment,main/%E5%A4%A7%E8%A1%97%E5%B8%82/s/H0888001/Supermarket/Supermarket/Rice-%26-Cooking-Oil/Rice/Others/Premium-Jasmine-Rice/p/H0888001_S_10016911,//images.hktvmall.com/h0888001/0563f635d0b1ede4d3148ec341263cb2d8a1bb49/h0888001_10016911_180628124226_01_300.jpg,2018-07-29 02:05:15.828601
17,CHK07LNE,H0602001_S_CHK07LNE,Carrier,1 pc,2980.0,1680.0,Air-Conditioner,AA85402000001,Best Life,H0602001,4.230769230769232,inStock,,merchant delivery,main/Best-Life/s/H0602001/Electrical-Appliances/Electrical-Appliances/Home-Appliances/Air-Conditioners/Window-Mounted/CHK07LNE/p/H0602001_S_CHK07LNE,//images.hktvmall.com/h0602001/8e25d0ea6d5171b80f6288d593ea1a39b75d8ac2/h0602001_chk07lne_180709014416_01_300.jpg,2018-07-29 02:05:15.828924
18,55'' 4K Ultra Slim Smart LED TV 55PUD6172 (HK Version) No Free Installation,H5862002_S_55PUD6172,Philips,,6990.0,4390.0,TV,AA85105000001,Philips TV,H5862002,3.9038461538461537,inStock,CHINA,merchant delivery,main/Philips-TV/s/H5862002/Electrical-Appliances/Electrical-Appliances/TV-%26-Entertainment/Television-%26-Video/LCD-TV/50-59-inch-TV/55-4K-Ultra-Slim-Smart-LED-TV-55PUD6172-HK-Version-No-Free-Installation/p/H5862002_S_55PUD6172,//images.hktvmall.com/h5862002/e24abc65775c144875d23cd2b8c422e4163b3ffe/h5862002_55pud6172_180416103547_01_300.jpg,2018-07-29 02:05:15.829277
19,"""Click-starter"" V8 Absolute Cordless Vacuum Cleaner UK Version(Parallel Import)",H5039001_S_Dyson_V8_absolute_6,Dyson,,6980.0,3388.0,Vacuum Cleaners,AA85403500001,Union Camera Paradise,H5039001,4.448275862068964,inStock,,2-day group shipment,main/Union-Camera-Paradise/s/H5039001/Electrical-Appliances/Electrical-Appliances/Home-Appliances/Vacuum-Cleaner/Wireless-Vacuum-Cleaner/Clickstarter-V8-Absolute-Cordless-Vacuum-Cleaner-UK-VersionParallel-Import/p/H5039001_S_Dyson_V8_absolute_6,//images.hktvmall.com/h5039001/b9b0f7a46a25b494ea587b3be62753c80fa9bfe5/h5039001_dyson_v8_absolute_6_180709104849_01_300.jpg,2018-07-29 02:05:15.829687
20,Towel (2 Rolls),H0888001_S_10050095,SCOTT 絲潔,2 rolls,15.0,13.9,Kitchen Towels,AA11801500001,Andrex/Kleenex/Scott Offical Tissue Store,H0551003,4.620481927710842,inStock,Taiwan,immediate shipment,main/Kimberly-Clark-Family-Care-Store/s/H0551003/Supermarket/Supermarket/Tissues%2C-Disposable-%26-Household-Products/Kitchen-Towels/Towel-2-Rolls/p/H0888001_S_10050095,//images.hktvmall.com/h0888001/d956827c487fc4d8b54e4b16d01863b3580a6ef0/h0888001_10050095_161028100220_01_300.jpg,2018-07-29 02:05:15.830103
21,TurboJET Macau Round Trip Ferry Ticket with Galaxy Macau Fortune Select Meal Voucher,G3226001_S_a001823nysbPZ062Xl,Macau,,438.0,298.0,Macau Tour,AA95902000001,Hong Thai Travel Services,G3226001,4.173913043478262,inStock,,e-coupon,main/Hong-Thai-Travel-Services/s/G3226001/Dining-%26-Lifestyle/Dining-%26-Lifestyle/Travel/Macau-Tour/TurboJET-Macau-Round-Trip-Ferry-Ticket-with-Galaxy-Macau-Fortune-Select-Meal-Voucher/p/G3226001_S_a001823nysbPZ062Xl,//images.hktvmall.com/g3226001/194122/g3226001_a001823nysbpz062xl_180611033254_01_300.jpg,2018-07-29 02:05:15.830436
22,Ceylon Lemon Tea,H0888001_S_10003331,Vita,250ml x 6,24.4,15.9,Paper-packed Tea,AA11224515001,VITASOY / VITA,H1077001,4.529166666666667,inStock,Hong Kong,immediate shipment,main/VITASOY/s/H1077001/Supermarket/Supermarket/Beverages/Tea-Drinks/Paper-packed-Tea/Ceylon-Lemon-Tea/p/H0888001_S_10003331,//images.hktvmall.com/h0888001/0292571e5ebbbd23a02869f090a7060d53fcab31/h0888001_10003331_170808112911_01_300.jpg,2018-07-29 02:05:15.830846
23,Anti-bacterial Antiseptic Disinfectant and Skincare Antibacterial Handwash (Random Variant),H0888001_S_10016523,Dettol,1.2Lx2+500g,135.9,125.9,Bleach & Antiseptics,AA11821000001,Dettol Official Store,H1010002,4.620938628158845,inStock,China,immediate shipment,main/Dettol/s/H1010002/Beauty-%26-Health/Beauty-%26-Health/Personal-Care/Hand-Care/Hand-Wash/Antibacterial-Antiseptic-Disinfectant-and-Skincare-Antibacterial-Handwash-Random-Variant/p/H0888001_S_10016523,//images.hktvmall.com/h2001001/09d592074c3eb5872a76d37783e690f14477b3b7/h2001001_h0888001_s_10016523_170608062732_01_300.jpg,2018-07-29 02:05:15.831178
24,[Full Case]Disney Sanitizing Moist Wipe 10s x20 packs,H0888001_S_P10050192,Kleenex,10s x 20,258.0,100.0,Wet Wipes,AA11802500001,Andrex/Kleenex/Scott Offical Tissue Store,H0551003,4.638580931263859,inStock,Korea,immediate shipment,main/Kimberly-Clark-Family-Care-Store/s/H0551003/Supermarket/Supermarket/Tissues%2C-Disposable-%26-Household-Products/Wet-Wipes/Full-CaseDisney-Sanitizing-Moist-Wipe-10s-x20-packs/p/H0888001_S_P10050192,//images.hktvmall.com/h1688001/ca4ec32f942eaba9764074b4e914f52016ee24a1/h1688001_h0888001_s_p10050192_171020111813_01_300.jpg,2018-07-29 02:05:15.831595
25,Hokkaido Synthetic Crab Meat Stick,H0888001_S_10016493,THE MARKET,250g,29.9,26.9,Hot Pot & BBQ Food,AA11116700001,THE MARKET,H0888001,4.558441558441558,inStock,Japan,immediate shipment,main/%E5%A4%A7%E8%A1%97%E5%B8%82/s/H0888001/Supermarket/Supermarket/Chilled-Frozen-Food/Hot-Pot-%26-BBQ-Food/Hokkaido-Synthetic-Crab-Meat-Stick/p/H0888001_S_10016493,//images.hktvmall.com/h0888001/74052/h0888001_10016493_170104100555_01_300.jpg,2018-07-29 02:05:15.832008
26,Lemon Tea,H0888001_S_10003330,Vita,250ml x 6,24.4,15.9,Paper-packed Tea,AA11224515001,VITASOY / VITA,H1077001,4.603092783505153,inStock,Hong Kong/ China,immediate shipment,main/VITASOY/s/H1077001/Supermarket/Supermarket/Beverages/Tea-Drinks/Paper-packed-Tea/Lemon-Tea/p/H0888001_S_10003330,//images.hktvmall.com/h0888001/1981713e2276bc6c0a5626074e40192a0152bf96/h0888001_10003330_151009034025_01_300.jpg,2018-07-29 02:05:15.832333
27,Apple AirPods MMEF2ZA/A,H5688002_S_DG007300354,APPLE,,1288.0,1188.0,Bluetooth,AA85304000001,COOLMALL,H5688002,4.261904761904762,inStock,China,2-day group shipment,main/COOLMALL/s/H5688002/Electrical-Appliances/Electrical-Appliances/Mobile-%26-Communication/Accessories/Bluetooth-Headphones/Apple-AirPods-MMEF2ZAA/p/H5688002_S_DG007300354,//images.hktvmall.com/h5688002/115913/h5688002_dg007300354_170811032609_01_300.jpg,2018-07-29 02:05:15.832647
28,[Full Case] Soda Water,H0888001_S_P10020921,Watson,330ml x 24,180.0,76.9,Soft Drinks,AA11221500001,THE MARKET,H0888001,4.694267515923566,inStock,China,immediate shipment,main/%E5%A4%A7%E8%A1%97%E5%B8%82/s/H0888001/Supermarket/Supermarket/Beverages/Soft-Drinks/Full-Case-Soda-Water/p/H0888001_S_P10020921,//images.hktvmall.com/h0888001/e754af786b0e8e425aaf672ade5f1a269ec44516/h0888001_p10020921_170531055547_01_300.jpg,2018-07-29 02:05:15.832963
29,Lemon Tea 9 packs,H0888001_S_10007711,Vita,250ml x 9,36.5,21.9,Paper-packed Tea,AA11224515001,VITASOY / VITA,H1077001,4.6,inStock,Hong Kong,immediate shipment,main/VITASOY/s/H1077001/Supermarket/Supermarket/Beverages/Tea-Drinks/Paper-packed-Tea/Lemon-Tea-9-packs/p/H0888001_S_10007711,//images.hktvmall.com/h0888001/27736/h0888001_10007711_160113055303_01_300.jpg,2018-07-29 02:05:15.833278
30,Inaniwa Udon (Frozen),H0888001_S_10018623,SHIMADA,250g x 5,39.9,31.9,Udon,AA11351015001,THE MARKET,H0888001,3.8974895397489537,inStock,Japan,immediate shipment,main/%E5%A4%A7%E8%A1%97%E5%B8%82/s/H0888001/Supermarket/Supermarket/Noodles-%26-Pasta/Japanese-style-Noodles-%26-Udons/Udon/Inaniwa-Udon-Frozen/p/H0888001_S_10018623,//images.hktvmall.com/h0888001/9d7123b860c8b511e28ea3fe261ff43a405c6f89/h0888001_10018623_170526054424_01_300.jpg,2018-07-29 02:05:15.833624
31,Malkist Crackers,H0888001_S_10015658,Garden,324g,34.8,26.9,Crackers,AA11154010001,THE MARKET,H0888001,4.5837320574162685,inStock,Hong Kong,immediate shipment,main/%E5%A4%A7%E8%A1%97%E5%B8%82/s/H0888001/Supermarket/Supermarket/Snacks-%26-Desserts/Biscuits/Crackers/Malkist-Crackers/p/H0888001_S_10015658,//images.hktvmall.com/h0888001/62358/h0888001_10015658_161028050707_01_300.jpg,2018-07-29 02:05:15.833956
32,Spain Iberico Luncheon Meat,H0888001_S_10021318,CORen,200g,39.9,26.9,Canned Meat,AA11551000001,CORen,H1085001,4.429577464788731,inStock,Spain,immediate shipment,main/CORen/s/H1085001/Supermarket/Supermarket/Canned-%26-Dried-Food/Canned-Meat/Spain-Iberico-Luncheon-Meat/p/H0888001_S_10021318,//images.hktvmall.com/h0001001/f7b5915135d78ad500f6f81fafe22f50ad1b05d8/h0001001_h0888001_s_10021318_180703030658_01_300.jpg,2018-07-29 02:05:15.834271
33,Hargow (Frozen),H0888001_S_10011972,Doll,104g,13.9,,Dim Sum & Bao Dim,AA11114200001,THE MARKET,H0888001,4.478395061728395,inStock,China,immediate shipment,main/%E5%A4%A7%E8%A1%97%E5%B8%82/s/H0888001/Supermarket/Supermarket/Chilled-Frozen-Food/Dim-Sum-%26-Bao-Dim/Hargow-Frozen/p/H0888001_S_10011972,//images.hktvmall.com/h0888001/32299/h0888001_10011972_160223061250_01_300.jpg,2018-07-29 02:05:15.834594
34,Shrimp Shao Mai (Frozen),H0888001_S_10011971,Doll,125g,13.9,,Dim Sum & Bao Dim,AA11114200001,THE MARKET,H0888001,4.482638888888889,inStock,Hong Kong,immediate shipment,main/%E5%A4%A7%E8%A1%97%E5%B8%82/s/H0888001/Supermarket/Supermarket/Chilled-Frozen-Food/Dim-Sum-%26-Bao-Dim/Shrimp-Shao-Mai-Frozen/p/H0888001_S_10011971,//images.hktvmall.com/h0888001/32299/h0888001_10011971_160223061217_01_300.jpg,2018-07-29 02:05:15.834934
35,[Star of Kitchen] 15L Multi-Functional Steam Oven NU-SC100W 香港行貨,H0972005_S_NU-SC100W,Panasonic,1pc,2380.0,1898.0,Table Oven&Microwave Oven &Toaster,AA85501100001,ASK Global Picks,H0972005,4.320754716981132,inStock,China,2-day group shipment,main/ASK-Global-Picks/s/H0972005/Electrical-Appliances/Electrical-Appliances/Home-Appliances/Kitchen-Appliances/Oven-%26-Steam-Over-%26-Food-Steamer/Table-Oven/Star-of-Kitchen-15L-MultiFunctional-Steam-Oven-NUSC100W-%E9%A6%99%E6%B8%AF%E8%A1%8C%E8%B2%A8/p/H0972005_S_NU-SC100W,//images.hktvmall.com/g5001001/fdfe6794faf8b11c4d5e8a1922076a1ad8e911e3/g5001001_h0972005_s_nusc100w_180206023320_01_300.jpg,2018-07-29 02:05:15.835246
36,Scott M-Fold Paper Hand Towel,H0888001_S_10050096,SCOTT 絲潔,1 pack,13.5,11.9,Kitchen Towels,AA11801500001,Andrex/Kleenex/Scott Offical Tissue Store,H0551003,4.476851851851851,inStock,Taiwan,immediate shipment,main/Kimberly-Clark-Family-Care-Store/s/H0551003/Supermarket/Supermarket/Tissues%2C-Disposable-%26-Household-Products/Kitchen-Towels/Scott-MFold-Paper-Hand-Towel/p/H0888001_S_10050096,//images.hktvmall.com/h0888001/17032/h0888001_10050096_151102122232_01_300.jpg,2018-07-29 02:05:15.835670
37,Premium Jasmine Rice,H0888001_S_P10014683,Golden Elephant Brand,15kg,199.9,179.9,Others,AA11381040001,THE MARKET,H0888001,4.5675,inStock,Hong Kong,immediate shipment,main/%E5%A4%A7%E8%A1%97%E5%B8%82/s/H0888001/Supermarket/Supermarket/Rice-%26-Cooking-Oil/Rice/Others/Premium-Jasmine-Rice/p/H0888001_S_P10014683,//images.hktvmall.com/h0888001/2cd2a7560ec04625c14f5cca40bd53dcc60ec4dc/h0888001_p10014683_180312101421_01_300.jpg,2018-07-29 02:05:15.836045
38,Spain Coren Salted Pork Knuckle (Frozen),H0888001_S_10012511,CORen,around 800g^,49.9,39.9,Pork,AA11112520001,CORen,H1085001,4.3238434163701065,inStock,Spain,immediate shipment,main/CORen/s/H1085001/Supermarket/Supermarket/Chilled-Frozen-Food/Meat/Pork/Spain-Coren-Salted-Pork-Knuckle-Frozen/p/H0888001_S_10012511,//images.hktvmall.com/h0001001/9bcda6346b267d41d9c972cdde06399a914bab0c/h0001001_h0888001_s_10012511_180703030729_01_300.jpg,2018-07-29 02:05:15.836373
39,Supersonic hair dryer HD01 UK version ~pink~ (Parallel Imported),H5912001_S_D0032,Dyson,,3380.0,2780.0,Hair Styler &Hair Dryer,AA85405600001,UNIVERSAL,H5912001,4.3,inStock,Malaysia,2-day group shipment,main/UNIVERSAL/s/H5912001/Electrical-Appliances/Electrical-Appliances/Health-%26-Beauty-Device/Hair-Dryer-%26-Hair-Styler/Hair-Dryer/Supersonic-hair-dryer-HD01-UK-version-pink-Parallel-Imported/p/H5912001_S_D0032,//images.hktvmall.com/h5912001/fae38ba41f3cc00634fff8017fee2bf15e6084f7/h5912001_d0032_180725070032_01_300.jpg,2018-07-29 02:05:15.836806
40,[Full Case] Mineral Water ,H0888001_S_P10018302,Volvic,1500ml x 12,268.45,129.9,Water,AA11220500001,THE MARKET,H0888001,4.532352941176471,inStock,France,immediate shipment,main/%E5%A4%A7%E8%A1%97%E5%B8%82/s/H0888001/Supermarket/Supermarket/Beverages/Water/Full-Case-Mineral-Water-/p/H0888001_S_P10018302,//images.hktvmall.com/h0888001/42796526956d0497f058014ec311513755fc1df5/h0888001_p10018302_170710120437_01_300.jpg,2018-07-29 02:05:15.837198
41,Apple Green Tea,H0888001_S_10000034,Vita,250ml x 6,24.4,12.9,Paper-packed Tea,AA11224515001,VITASOY / VITA,H1077001,4.755555555555556,inStock,Hong Kong,immediate shipment,main/VITASOY/s/H1077001/Supermarket/Supermarket/Beverages/Tea-Drinks/Paper-packed-Tea/Apple-Green-Tea/p/H0888001_S_10000034,//images.hktvmall.com/h0888001/2c25b6b079d7687101974855b374e7161c17184d/h0888001_10000034_150929062916_01_300.jpg,2018-07-29 02:05:15.837500
42,"Shepherd’s Purse, Black Fungus and Pork Wonton 10'S",H0888001_S_10015777,Wan Chai Ferry,205g,19.5,18.5,Dumpling and Wonton,AA11119300001,THE MARKET,H0888001,4.3728070175438605,inStock,China,immediate shipment,main/%E5%A4%A7%E8%A1%97%E5%B8%82/s/H0888001/Supermarket/Supermarket/Chilled-Frozen-Food/Dumpling-and-Wonton/Shepherds-Purse-Black-Fungus-and-Pork-Wonton-10S/p/H0888001_S_10015777,//images.hktvmall.com/h0888001/62373/h0888001_10015777_161028054845_01_300.jpg,2018-07-29 02:05:15.837802
43,Mini Glutinous Rice Dumpling (Frozen),H0888001_S_10011975,Doll,225g,13.9,,Dim Sum & Bao Dim,AA11114200001,THE MARKET,H0888001,4.536231884057972,inStock,China,immediate shipment,main/%E5%A4%A7%E8%A1%97%E5%B8%82/s/H0888001/Supermarket/Supermarket/Chilled-Frozen-Food/Dim-Sum-%26-Bao-Dim/Mini-Glutinous-Rice-Dumpling-Frozen/p/H0888001_S_10011975,//images.hktvmall.com/h0888001/32299/h0888001_10011975_160223061438_01_300.jpg,2018-07-29 02:05:15.838125
44,Tai Wan Premium Irwin Mango (3-4 pcs/ 900-1000g approx.),H1688001_S_KNKF1380,Fruit Garden,,208.0,118.0,Fruits,AA11081000001,Fruit Garden,H1688001,3.674418604651162,inStock,Tai Wan,2-day group shipment,main/Fruit-Garden/s/H1688001/Supermarket/Supermarket/Fruits-%2C-Vegetables-%26-Flowers/Fruits/Tai-Wan-Premium-Irwin-Mango-34-pcs-9001000g-approx/p/H1688001_S_KNKF1380,//images.hktvmall.com/h1688001/ff85c28409fb3c7cdfd097c812fd4b423ebc10e8/h1688001_knkf1380_180529105855_01_300.jpg,2018-07-29 02:05:15.838426
45,Baby Cleaning Cotton,H0888001_S_10002921,Suzuran,140pcs,34.5,28.5,"Baby Powders, Cotton & Baby Wipes",AA11924020001,Saving International (Holdings) Ltd.,H1026001,4.4822695035461,inStock,China,immediate shipment,main/Saving-International-%28Holdings%29-Ltd-/s/H1026001/Supermarket/Supermarket/Baby-Care-Food/Baby-Toiletries-%26-Health/Baby-Powders%2C-Cotton-%26-Baby-Wipes/Baby-Cleaning-Cotton/p/H0888001_S_10002921,//images.hktvmall.com/h0001001/b4378d069039ee0354a9654f725f0f306099b4bd/h0001001_h0888001_s_10002921_151014031856_01_300.jpg,2018-07-29 02:05:15.838726
46,Toy Story Box Facial Tissue (5 in 1),H0888001_S_10050200,Kleenex,5 boxes,32.9,29.9,Boxed Facial Tissues,AA11801000001,Andrex/Kleenex/Scott Offical Tissue Store,H0551003,4.25,inStock,Taiwan,immediate shipment,main/Kimberly-Clark-Family-Care-Store/s/H0551003/Supermarket/Supermarket/Tissues%2C-Disposable-%26-Household-Products/Boxed-Facial-Tissues/Toy-Story-Box-Facial-Tissue-5-in-1/p/H0888001_S_10050200,//images.hktvmall.com/h0888001/20dbde0b62564f8694afda4e160ea1b609ae8ae2/h0888001_10050200_180515101233_01_300.jpg,2018-07-29 02:05:15.839144
47,Premium Jasmine Rice 5kg,H0888001_S_10015152,Golden Elephant Brand,5kg,76.8,63.9,Others,AA11381040001,THE MARKET,H0888001,4.473967684021543,inStock,Hong Kong,immediate shipment,main/%E5%A4%A7%E8%A1%97%E5%B8%82/s/H0888001/Supermarket/Supermarket/Rice-%26-Cooking-Oil/Rice/Others/Premium-Jasmine-Rice-5kg/p/H0888001_S_10015152,//images.hktvmall.com/h0888001/14ffe948084b4a8fd23be66ac9565658e464f99f/h0888001_10015152_180628124120_01_300.jpg,2018-07-29 02:05:15.839458
48,Bone Less Pork Chop (Frozen),H0888001_S_10131981,Sadia,400g,39.9,37.9,Pork,AA11112520001,THE MARKET,H0888001,4.148148148148148,inStock,Brazil,immediate shipment,main/%E5%A4%A7%E8%A1%97%E5%B8%82/s/H0888001/Supermarket/Supermarket/Chilled-Frozen-Food/Meat/Pork/Bone-Less-Pork-Chop-Frozen/p/H0888001_S_10131981,//images.hktvmall.com/h0888001/d9cd45828b88a6698e192109b0f4b2bc3d4aee3d/h0888001_10131981_180315064734_01_300.jpg,2018-07-29 02:05:15.839763
49,Pearl Dim Sum Assortment (Frozen),H0888001_S_10011978,Doll,136g,13.9,,Dim Sum & Bao Dim,AA11114200001,THE MARKET,H0888001,4.454545454545454,inStock,China,immediate shipment,main/%E5%A4%A7%E8%A1%97%E5%B8%82/s/H0888001/Supermarket/Supermarket/Chilled-Frozen-Food/Dim-Sum-%26-Bao-Dim/Pearl-Dim-Sum-Assortment-Frozen/p/H0888001_S_10011978,//images.hktvmall.com/h0888001/32299/h0888001_10011978_160223061616_01_300.jpg,2018-07-29 02:05:15.840060
50,Specially Select 3.6 Milk,H0888001_S_10010656,北海道,1L,31.9,29.9,Milk & Soy Milk,AA11223000001,THE MARKET,H0888001,4.517441860465117,inStock,Japan,immediate shipment,main/%E5%A4%A7%E8%A1%97%E5%B8%82/s/H0888001/Supermarket/Supermarket/Beverages/Milk-%26-Soy-Milk/Specially-Select-36-Milk/p/H0888001_S_10010656,//images.hktvmall.com/h0001001/0da71a3b25fbea273b9003925d4362dcf5a811a3/h0001001_h0888001_s_10010656_160523025600_01_300.jpg,2018-07-29 02:05:15.840372
51,Barbecue Pork Cheong Fun (Frozen),H0888001_S_10011983,Doll,197g,13.9,,Frozen Snacks,AA11118200001,THE MARKET,H0888001,4.5808383233532926,inStock,China,immediate shipment,main/%E5%A4%A7%E8%A1%97%E5%B8%82/s/H0888001/Supermarket/Supermarket/Chilled-Frozen-Food/Dim-Sum-%26-Bao-Dim/Barbecue-Pork-Cheong-Fun-Frozen/p/H0888001_S_10011983,//images.hktvmall.com/h0888001/32299/h0888001_10011983_160224045641_01_300.jpg,2018-07-29 02:05:15.840675
52,Andrex Moist Bath Tissues 40s Refill,H0888001_S_10050049,Andrex,40s,23.9,15.9,Wet Wipes,AA11802500001,Andrex/Kleenex/Scott Offical Tissue Store,H0551003,4.721189591078066,inStock,,immediate shipment,main/Kimberly-Clark-Family-Care-Store/s/H0551003/Supermarket/Supermarket/Tissues%2C-Disposable-%26-Household-Products/Wet-Wipes/Andrex-Moist-Bath-Tissues-40s-Refill/p/H0888001_S_10050049,//images.hktvmall.com/h0888001/7e0a2893e2e539278d0807a10bf4f8cab35f36df/h0888001_10050049_180411064935_01_300.jpg,2018-07-29 02:05:15.840965
53,Honey Wings (Frozen),H0888001_S_10012018,CP,230g^,24.9,22.9,Cooked Food,AA11487000001,THE MARKET,H0888001,4.433908045977012,inStock,Thailand,immediate shipment,main/%E5%A4%A7%E8%A1%97%E5%B8%82/s/H0888001/Supermarket/Supermarket/Soup%2C-Cooked-Food-%26-Preserved-Food/Cooked-Food/Honey-Wings-Frozen/p/H0888001_S_10012018,//images.hktvmall.com/h0888001/32296/h0888001_10012018_160223055841_01_300.jpg,2018-07-29 02:05:15.841289
54,Coca Cola (Can),H0888001_S_10022674,Coca-Cola,330ml x 12,81.6,41.9,Soft Drinks,AA11221500001,THE MARKET,H0888001,4.5136094674556215,inStock,Hong Kong,immediate shipment,main/%E5%A4%A7%E8%A1%97%E5%B8%82/s/H0888001/Supermarket/Supermarket/Beverages/Soft-Drinks/Coca-Cola-Can/p/H0888001_S_10022674,//images.hktvmall.com/h0888001/ccc94c890c629bbdca4eda301ba5c36570405777/h0888001_10022674_170612121722_01_300.jpg,2018-07-29 02:05:15.841623
55,IRT6520 ThermoScan  7 Age Precision ,H5039001_S_Braun_IRT6520,Braun,,699.0,335.0,Electronics Personal Care,AA85405000001,Union Camera Paradise,H5039001,4.470588235294118,inStock,maxico,2-day group shipment,main/Union-Camera-Paradise/s/H5039001/Electrical-Appliances/Electrical-Appliances/Health-%26-Beauty-Device/Medical-Equipment/Thermometers/IRT6520-ThermoScan-%C2%A07-Age-Precision%C2%A0/p/H5039001_S_Braun_IRT6520,//images.hktvmall.com/h5039001/19c4552f3d2d34b3d275e0ee435e023ab4fc59b8/h5039001_braun_irt6520_180709104345_01_300.jpg,2018-07-29 02:05:15.841911
56,Lychee Flavoured Jolly Shandy 0.6%,H0888001_S_10021700,Jolly Shandy,330ml x 4,20.4,15.9,Sparkling Wine,AA11303020001,Carlsberg Hong Kong,H1082001,4.493087557603687,inStock,China,immediate shipment,main/Carlsberg-Hong-Kong/s/H1082001/Supermarket/Supermarket/Alcoholic-Beverages/Champagne%2C-Sparkling-Wine-%26-Rose/Sparkling-Wine/Lychee-Flavoured-Jolly-Shandy-06/p/H0888001_S_10021700,//images.hktvmall.com/h0888001/20359/h0888001_10021700_151125114023_01_300.jpg,2018-07-29 02:05:15.842315
57,[Full Case]Pants XL 44s,H1188001_S_P80000006,Merries,44,356.0,268.0,Baby Care/ Food ,AA11039000001,LIVING BEAUTY,H1188001,4.645669291338582,inStock,Japan,immediate shipment,main/LIVING-BEAUTY/s/H1188001/Supermarket/Supermarket/Baby-Care-Food/Diapers/Pants/Full-CasePants-XL-44s/p/H1188001_S_P80000006,//images.hktvmall.com/g3001001/b7d2516935e1b58ea18b731b7e7ed2790dee684d/g3001001_h1188001_s_p80000006_170608064056_01_300.jpg,2018-07-29 02:05:15.842620
58,Beef Flavoured Crunchies (Mega Pack),H0888001_S_10014384,JacknJill,18g x 6,24.5,20.9,Potato Chips & Fries,AA11151510001,THE MARKET,H0888001,4.622857142857144,inStock,China,immediate shipment,main/%E5%A4%A7%E8%A1%97%E5%B8%82/s/H0888001/Supermarket/Supermarket/Snacks-%26-Desserts/Potato-Chips-%26-Prawn-Crackers/Potato-Chips-%26-Fries/Beef-Flavoured-Crunchies-Mega-Pack/p/H0888001_S_10014384,//images.hktvmall.com/h0888001/853a97ed40ed209abbaa9013a5e5cc87a628adea/h0888001_10014384_161123040233_01_300.jpg,2018-07-29 02:05:15.842918
59,Disinfectant Laundry Sanitiser (Fresh Pine) Twinpack Free Anti-Bacterial Hand Wash (Pine),H0888001_S_10015317,Dettol,1.2Lx2+250g,113.8,89.9,Bleach & Antiseptics,AA11821000001,Dettol Official Store,H1010002,4.375,inStock,China,immediate shipment,main/Dettol/s/H1010002/Supermarket/Supermarket/Household-Cleaners/Bleach-%26-Antiseptics/Disinfectant-Laundry-Sanitiser-Fresh-Pine-Twinpack-Free-AntiBacterial-Hand-Wash-Pine/p/H0888001_S_10015317,//images.hktvmall.com/h0888001/e01c9865fc86b717a7b0a4dff00ed24d565c2aeb/h0888001_10015317_171018112804_01_300.jpg,2018-07-29 02:05:15.843222
60,Soyabean Milk,H0888001_S_10007706,Vitasoy,250ml x 6,19.9,18.5,Milk & Soy Milk,AA11223000001,VITASOY / VITA,H1077001,4.558441558441558,inStock,Hong Kong/China,immediate shipment,main/VITASOY/s/H1077001/Supermarket/Supermarket/Beverages/Milk-%26-Soy-Milk/Soyabean-Milk/p/H0888001_S_10007706,//images.hktvmall.com/h0888001/af51705b5549e4bfefd4b32cda42401e68191556/h0888001_10007706_180306061803_01_300.jpg,2018-07-29 02:05:15.843682
61,Salty Yolk Cookies,H0888001_S_10017704,Sze Hing Loong,220g,24.9,23.9,Pastries & Cubic Pastry,AA11154025001,THE MARKET,H0888001,4.461928934010152,inStock,Taiwan,immediate shipment,main/%E5%A4%A7%E8%A1%97%E5%B8%82/s/H0888001/Supermarket/Supermarket/Snacks-%26-Desserts/Biscuits/Pastries-%26-Cubic-Pastry/Salty-Yolk-Cookies/p/H0888001_S_10017704,//images.hktvmall.com/h0888001/82017/h0888001_10017704_170221055019_01_300.jpg,2018-07-29 02:05:15.844021
62,Original Milk Beverage,H0888001_S_10020960,Dutch Lady®,110ml x 4,16.0,12.9,Milk & Soy Milk,AA11223000001,Dutch Lady,H1020001,4.444924406047517,inStock,Vietnam,immediate shipment,main/Dutch-Lady/s/H1020001/Supermarket/Supermarket/Beverages/Milk-%26-Soy-Milk/Original-Milk-Beverage/p/H0888001_S_10020960,//images.hktvmall.com/h0888001/320c031848b6ced0aef61efa5d97e224dd67a83b/h0888001_10020960_170807061613_01_300.jpg,2018-07-29 02:05:15.844334
63,Chicken Shao Mai With Scallop (Frozen),H0888001_S_10011969,Doll,135g,13.9,,Dim Sum & Bao Dim,AA11114200001,THE MARKET,H0888001,4.52808988764045,inStock,Hong Kong,immediate shipment,main/%E5%A4%A7%E8%A1%97%E5%B8%82/s/H0888001/Supermarket/Supermarket/Chilled-Frozen-Food/Dim-Sum-%26-Bao-Dim/Chicken-Shao-Mai-With-Scallop-Frozen/p/H0888001_S_10011969,//images.hktvmall.com/h0888001/32299/h0888001_10011969_160223061106_01_300.jpg,2018-07-29 02:05:15.844637
64,Plus - Can,H0888001_S_10132277,Coca-Cola,330ml x 8,54.8,32.5,Soft Drinks,AA11221500001,THE MARKET,H0888001,4.5151515151515165,inStock,Hong Kong,immediate shipment,main/%E5%A4%A7%E8%A1%97%E5%B8%82/s/H0888001/Supermarket/Supermarket/Beverages/Soft-Drinks/Plus-Can/p/H0888001_S_10132277,//images.hktvmall.com/h0888001/dd07044166a249d02e1f6a06f5034677cccb208e/h0888001_10132277_180411030234_01_300.png,2018-07-29 02:05:15.844963
65,"France Chicken (White) Leg Boneless, Skin-on (Frozen)",H0888001_S_10131680,LES VOLAILLES,270-330g,39.9,36.9,Poultry,AA11112530001,THE MARKET,H0888001,4.1875,inStock,France,immediate shipment,main/%E5%A4%A7%E8%A1%97%E5%B8%82/s/H0888001/Supermarket/Supermarket/Chilled-Frozen-Food/Meat/Poultry/France-Chicken-White-Leg-Boneless-Skinon-Frozen/p/H0888001_S_10131680,//images.hktvmall.com/h0888001/8d40bc84c9a69956193dcb117c2ddc7bdf4eacb1/h0888001_10131680_180202044728_01_300.jpg,2018-07-29 02:05:15.845284
66,Barbecue Chicken stick,H0888001_S_10016497,THE MARKET,270g,29.9,26.9,Frozen Snacks,AA11118200001,THE MARKET,H0888001,4.295348837209303,inStock,China,immediate shipment,main/%E5%A4%A7%E8%A1%97%E5%B8%82/s/H0888001/Supermarket/Supermarket/Chilled-Frozen-Food/Frozen-Snacks/Barbecue-Chicken-stick/p/H0888001_S_10016497,//images.hktvmall.com/h0888001/74052/h0888001_10016497_170104100813_01_300.jpg,2018-07-29 02:05:15.845595
67,White Egg (Chilled),H0888001_S_10132096,Cheer,10pcs,26.9,,Eggs,AA11113700001,THE MARKET,H0888001,3.073394495412844,inStock,Japan,immediate shipment,main/%E5%A4%A7%E8%A1%97%E5%B8%82/s/H0888001/Supermarket/Supermarket/Chilled-Frozen-Food/Eggs/White-Egg-Chilled/p/H0888001_S_10132096,//images.hktvmall.com/h0888001/f0c669e01050557d13a69f25cde09a9cf37ef540/h0888001_10132096_180307031054_01_300.jpg,2018-07-29 02:05:15.845894
68,Fresh Breathable Secure Long Liners,H0888001_S_10050115,Kotex,26s,20.4,11.9,Panty Liner,AA42551500001,Kotex Hong Kong official store,H0551004,4.677740863787376,inStock,Vietnam,immediate shipment,main/Kotex-Hong-Kong-official-store/s/H0551004/Beauty-%26-Health/Beauty-%26-Health/Personal-Care/Feminine-Care/Napkin-%26-Panty-Liner/Fresh-Breathable-Secure-Long-Liners/p/H0888001_S_10050115,//images.hktvmall.com/h0888001/cc4a4149dec691a61456f406daa703ae786a865b/h0888001_10050115_170728102208_01_300.jpg,2018-07-29 02:05:15.846176
69,Wang Chao Chicken Essence (Original Flavor) (Frozen),H5583001_S_1001,Wang Chao,65ml x 10packs,420.0,,Chicken Essence,AA47208000001,Wang Chao Chicken essence,H5583001,4.346456692913386,inStock,Tai Wan,merchant delivery,main/Wang-Chao-Chicken-essence/s/H5583001/Beauty-%26-Health/Beauty-%26-Health/Health/Chicken-Essence-%26-Bird%27s-Nest/Wang-Chao-Chicken-Essence-Original-Flavor-Frozen/p/H5583001_S_1001,//images.hktvmall.com/h5583001/81af256024323bb1c344cc6e825e3b9e33dafd7b/h5583001_1001_180513103523_01_300.png,2018-07-29 02:05:15.846452
70,"Thailand Monthong Durian (1pc / 2,100- 4,000g approx.)",H1688001_S_KNKF1396,Fruit Garden,,320.0,148.0,Fruits,AA11081000001,Fruit Garden,H1688001,3.5454545454545454,inStock,Thailand,2-day group shipment,main/Fruit-Garden/s/H1688001/Supermarket/Supermarket/Fruits-%2C-Vegetables-%26-Flowers/Fruits/Thailand-Monthong-Durian-1pc-2100-4000g-approx/p/H1688001_S_KNKF1396,//images.hktvmall.com/h1688001/193714/h1688001_knkf1396_180608072032_01_300.jpg,2018-07-29 02:05:15.846727
71,Kindai Makuro Gyokai Shio Ramen(Expiry Date: 12/9/2018),H0888001_S_10018919,ACECOOK,93g,32.9,18.9,Cup Noodles,AA11351010001,THE MARKET,H0888001,4.144508670520231,inStock,Japan,immediate shipment,main/%E5%A4%A7%E8%A1%97%E5%B8%82/s/H0888001/Supermarket/Supermarket/Noodles-%26-Pasta/Japanese-style-Noodles-%26-Udons/Cup-Noodles/Kindai-Makuro-Gyokai-Shio-RamenExpiry-Date-1292018/p/H0888001_S_10018919,//images.hktvmall.com/h0888001/1a19cd7c2a1306843ba39033a2cc7e524e91b8b4/h0888001_10018919_170717051111_01_300.jpg,2018-07-29 02:05:15.847024
72,Gold Anti-bacterial Body Wash Classic Clean (Twin Pack) + Gold Anti-bacterial Body Wash Classic Clea,H0888001_S_10009414,Dettol,625gx2+250g,79.9,77.9,Shower Gel (Anti-bacteria),AA42102000001,Dettol Official Store,H1010002,4.613636363636363,inStock,Indonesia,immediate shipment,main/Dettol/s/H1010002/Beauty-%26-Health/Beauty-%26-Health/Personal-Care/Body-Care/Body-Wash/Gold-Antibacterial-Body-Wash-Classic-Clean-Twin-Pack-Gold-Antibacterial-Body-Wash-Classic-Clea/p/H0888001_S_10009414,//images.hktvmall.com/h0888001/38726/h0888001_10009414_160412115150_01_300.jpg,2018-07-29 02:05:15.847322
73,Kitchen Towel 4in1,H0888001_S_10050060,SCOTT 絲潔,4 Rolls,25.9,22.9,Kitchen Towels,AA11801500001,Andrex/Kleenex/Scott Offical Tissue Store,H0551003,4.672727272727274,inStock,,immediate shipment,main/Kimberly-Clark-Family-Care-Store/s/H0551003/Supermarket/Supermarket/Tissues%2C-Disposable-%26-Household-Products/Kitchen-Towels/Kitchen-Towel-4in1/p/H0888001_S_10050060,//images.hktvmall.com/h0888001/95ab95a18bef1a5a5771c564cc47d447ff12827a/h0888001_10050060_170418100241_01_300.jpg,2018-07-29 02:05:15.847686
74,Soya Hi-Calcium Oat Drink - Oat Flavour,H0888001_S_10015025,Calci-Plus,250ml x 6,28.9,25.9,Milk & Soy Milk,AA11223000001,VITASOY / VITA,H1077001,4.599078341013825,inStock,Hong Kong,immediate shipment,main/VITASOY/s/H1077001/Supermarket/Supermarket/Beverages/Milk-%26-Soy-Milk/Soya-HiCalcium-Oat-Drink-Oat-Flavour/p/H0888001_S_10015025,//images.hktvmall.com/h0888001/53004/h0888001_10015025_160818041135_01_300.jpg,2018-07-29 02:05:15.847983
75,Potato Chips Hot and Spicy,H0888001_S_10011227,Calbee,121g,16.9,15.9,Potato Chips & Fries,AA11151510001,THE MARKET,H0888001,4.69060773480663,inStock,Hong Kong,immediate shipment,main/%E5%A4%A7%E8%A1%97%E5%B8%82/s/H0888001/Supermarket/Supermarket/Snacks-%26-Desserts/Potato-Chips-%26-Prawn-Crackers/Potato-Chips-%26-Fries/Potato-Chips-Hot-and-Spicy/p/H0888001_S_10011227,//images.hktvmall.com/h0888001/494de315ecb1e48f1f68dcb62817abe3e7fc48dd/h0888001_10011227_180717033523_01_300.jpg,2018-07-29 02:05:15.848308
76,Healthy Home Made Soup Coupon(1 set of 10pcs),H0228001_S_V0327,鴻福堂,,530.0,382.0,Physical vouchers,AA11750310001,Hung Fook Tong,H0228001,4.493243243243243,inStock,Hong Kong,immediate shipment,main/Hung-Fook-Tong/s/H0228001/Supermarket/Supermarket/Voucher-%26-Festival-Food/Vouchers/Physical-vouchers/Healthy-Home-Made-Soup-Coupon1-set-of-10pcs/p/H0228001_S_V0327,/medias/sys_master/impex/impex/h10/he3/9099551014942.png,2018-07-29 02:05:15.848595
77,(Only For Sat) Yamanashi Shine Muscat Grapes (300-350g approx.),H1688001_S_KNKF1441,Fruit Garden,,438.0,148.0,Fruits,AA11081000001,Fruit Garden,H1688001,3.3225806451612905,inStock,Japan,2-day group shipment,main/Fruit-Garden/s/H1688001/Supermarket/Supermarket/Fruits-%2C-Vegetables-%26-Flowers/Fruits/Only-For-Sat-Yamanashi-Shine-Muscat-Grapes-300350g-approx/p/H1688001_S_KNKF1441,//images.hktvmall.com/h1688001/197851/h1688001_knkf1441_180620034440_01_300.jpg,2018-07-29 02:05:15.848903
78,[FULL CASE] Soda Water,H0888001_S_P10021214,Schweppes,330ml x 4 x 6,170.4,99.9,Soft Drinks,AA11221500001,THE MARKET,H0888001,4.312925170068027,inStock,Hong Kong,immediate shipment,main/%E5%A4%A7%E8%A1%97%E5%B8%82/s/H0888001/Supermarket/Supermarket/Beverages/Soft-Drinks/FULL-CASE-Soda-Water/p/H0888001_S_P10021214,//images.hktvmall.com/h5156001/07daec3796529bf1a81c1e4c845b5c9bf6a8b1bb/h5156001_h0888001_s_p10021214_170601115536_01_300.jpg,2018-07-29 02:05:15.849220
79,Japonica Species Pearl Rice,H0888001_S_10015580,Cherry Blossom Castle Brand,5kg,59.9,58.9,Others,AA11381040001,THE MARKET,H0888001,4.372093023255814,inStock,Hong Kong,immediate shipment,main/%E5%A4%A7%E8%A1%97%E5%B8%82/s/H0888001/Supermarket/Supermarket/Rice-%26-Cooking-Oil/Rice/Others/Japonica-Species-Pearl-Rice/p/H0888001_S_10015580,//images.hktvmall.com/h0888001/3a53cb8800057345f378f80b542c0e1030c4ff81/h0888001_10015580_180628124148_01_300.jpg,2018-07-29 02:05:15.849520
80,[Full Case]Diapers L 58s,H1188001_S_P80000004,Merries,58,356.0,258.0,Diapers,AA11922005001,LIVING BEAUTY,H1188001,4.7218543046357615,inStock,Japan,immediate shipment,main/LIVING-BEAUTY/s/H1188001/Supermarket/Supermarket/Baby-Care-Food/Diapers/Diapers/Full-CaseDiapers-L-58s/p/H1188001_S_P80000004,//images.hktvmall.com/h1188001/96779d7b41fe1f7f32af985403beb16d5ac0cab5/h1188001_p80000004_170914021607_01_300.jpg,2018-07-29 02:05:15.849816
81,[Full Case] Coca-Cola Zero,H0888001_S_P10021201,Coca-Cola,330ml x 8 x 3,164.4,77.9,Soft Drinks,AA11221500001,THE MARKET,H0888001,4.471337579617835,inStock,Hong Kong,immediate shipment,main/%E5%A4%A7%E8%A1%97%E5%B8%82/s/H0888001/Supermarket/Supermarket/Beverages/Soft-Drinks/Full-Case-CocaCola-Zero/p/H0888001_S_P10021201,//images.hktvmall.com/h0888001/c20f417b70fc4cc35d97e88b2f964d44627b5bd4/h0888001_p10021201_170608124459_01_300.jpg,2018-07-29 02:05:15.850112
82,Pretz Salad,H0888001_S_10014585,GLICO,9pcs,28.9,19.9,Biscuits Snack,AA11154035001,THE MARKET,H0888001,4.582417582417582,inStock,Japan,immediate shipment,main/%E5%A4%A7%E8%A1%97%E5%B8%82/s/H0888001/Supermarket/Supermarket/Snacks-%26-Desserts/Biscuits/Biscuits-Snack/Pretz-Salad/p/H0888001_S_10014585,//images.hktvmall.com/h0888001/48855/h0888001_10014585_160712052419_01_300.jpg,2018-07-29 02:05:15.850410
83,Cottage Fries Potato Chips - Tomato Ketchup Flavour,H0888001_S_10015673,Wise,100g,18.9,17.9,Potato Chips & Fries,AA11151510001,THE MARKET,H0888001,4.650224215246637,inStock,Malaysia,immediate shipment,main/%E5%A4%A7%E8%A1%97%E5%B8%82/s/H0888001/Supermarket/Supermarket/Snacks-%26-Desserts/Potato-Chips-%26-Prawn-Crackers/Potato-Chips-%26-Fries/Cottage-Fries-Potato-Chips-Tomato-Ketchup-Flavour/p/H0888001_S_10015673,//images.hktvmall.com/h0888001/62358/h0888001_10015673_161028050757_01_300.jpg,2018-07-29 02:05:15.850706
84,Hi-Calcium Soya Healthy Drink,H0888001_S_10003308,Calci-Plus,250ml x 6,29.9,25.9,Milk & Soy Milk,AA11223000001,VITASOY / VITA,H1077001,4.504,inStock,Hong Kong,immediate shipment,main/VITASOY/s/H1077001/Supermarket/Supermarket/Beverages/Milk-%26-Soy-Milk/HiCalcium-Soya-Healthy-Drink/p/H0888001_S_10003308,//images.hktvmall.com/h0888001/e2b702363070aef48e050ba75bcc55411a684b66/h0888001_10003308_180307063307_01_300.jpg,2018-07-29 02:05:15.851009
85,Mini Me ® Red & White,H0888001_S_10015556,Nescafe Dolce Gusto,1pc,1188.0,990.0,Coffee Powder/ Beans & Milk Tea Powder,AA11224005001,Nestle,H1001001,4.256410256410256,inStock,PRC,immediate shipment,main/Nestle/s/H1001001/Supermarket/Supermarket/Beverages/Drink-Mixes/Coffee-Powder-Beans-%26-Milk-Tea-Powder/Mini-Me-Red-White/p/H0888001_S_10015556,//images.hktvmall.com/h0001001/0bc08dcc5aac68336d64a1405353116b475d70c6/h0001001_h0888001_s_10015556_180625052336_01_300.jpg,2018-07-29 02:05:15.851286
86,Tomato Pretz,H0888001_S_10014586,GLICO,9pcs,28.9,19.9,Biscuits Snack,AA11154035001,THE MARKET,H0888001,4.5935483870967735,inStock,Japan,immediate shipment,main/%E5%A4%A7%E8%A1%97%E5%B8%82/s/H0888001/Supermarket/Supermarket/Snacks-%26-Desserts/Biscuits/Biscuits-Snack/Tomato-Pretz/p/H0888001_S_10014586,//images.hktvmall.com/h0888001/48855/h0888001_10014586_160712052450_01_300.jpg,2018-07-29 02:05:15.851563
87,[Full Case] Swiss Premium Milk (Whole Milk,H0888001_S_P10001722,Emmi,1L x 12,358.8,228.0,Milk & Soy Milk,AA11223000001,THE MARKET,H0888001,4.329479768786127,inStock,Switzerland,immediate shipment,main/%E5%A4%A7%E8%A1%97%E5%B8%82/s/H0888001/Supermarket/Supermarket/Beverages/Milk-%26-Soy-Milk/Full-Case-Swiss-Premium-Milk-Whole-Milk/p/H0888001_S_P10001722,//images.hktvmall.com/h0888001/35d7dea87702fb5f2613732d06b4e77e05c96768/h0888001_p10001722_170526043551_01_300.jpg,2018-07-29 02:05:15.851859
88,"New Zealand 7-8 Ribs Lamb Rack, French Cut (Frozen)",H0888001_S_10012508,Silver Fern Farms,around 700-750 g+^,299.0,245.0,Lamb,AA11112540001,THE MARKET,H0888001,4.391988555078684,inStock,New Zealand,immediate shipment,main/%E5%A4%A7%E8%A1%97%E5%B8%82/s/H0888001/Supermarket/Supermarket/Chilled-Frozen-Food/Meat/Lamb/New-Zealand-78-Ribs-Lamb-Rack-French-Cut-Frozen/p/H0888001_S_10012508,//images.hktvmall.com/h0888001/108c79b7795d9eecec8cd63c541ddd261ce6f1c3/h0888001_10012508_171207102244_01_300.jpg,2018-07-29 02:05:15.852158
89,Active Cleaning Gel - Lavender Fresh,H0888001_S_10009822,Harpic,750ml,15.9,,Toilet Bowl Cleaners,AA11822005001,Reckitt Benckiser,H1010001,4.28695652173913,inStock,India,immediate shipment,main/Reckitt-Benckiser/s/H1010001/Supermarket/Supermarket/Household-Cleaners/Bathroom-Cleaning-Products/Toilet-Bowl-Cleaners/Active-Cleaning-Gel-Lavender-Fresh/p/H0888001_S_10009822,//images.hktvmall.com/h0888001/40763/h0888001_10009822_160427024215_01_300.jpg,2018-07-29 02:05:15.852455
90,Drumette,H0888001_S_10016490,THE MARKET,250g,28.9,24.9,Poultry,AA11112530001,THE MARKET,H0888001,4.458128078817733,inStock,Japan,immediate shipment,main/%E5%A4%A7%E8%A1%97%E5%B8%82/s/H0888001/Supermarket/Supermarket/Chilled-Frozen-Food/Meat/Poultry/Drumette/p/H0888001_S_10016490,//images.hktvmall.com/h0888001/74052/h0888001_10016490_170104100503_01_300.jpg,2018-07-29 02:05:15.852753
91,Beef Ball With Bean Curd Sheet (Frozen),H0888001_S_10011973,Doll,156g,13.9,,Dim Sum & Bao Dim,AA11114200001,THE MARKET,H0888001,4.426229508196721,inStock,Hong Kong,immediate shipment,main/%E5%A4%A7%E8%A1%97%E5%B8%82/s/H0888001/Supermarket/Supermarket/Chilled-Frozen-Food/Dim-Sum-%26-Bao-Dim/Beef-Ball-With-Bean-Curd-Sheet-Frozen/p/H0888001_S_10011973,//images.hktvmall.com/h0888001/32299/h0888001_10011973_160223061344_01_300.jpg,2018-07-29 02:05:15.853046
92,Hot & Spicy Wave Cut Potato Chips Mega,H0888001_S_10014431,Calbee,200g,26.9,24.9,Potato Chips & Fries,AA11150520001,THE MARKET,H0888001,4.525,inStock,Hong Kong,immediate shipment,main/%E5%A4%A7%E8%A1%97%E5%B8%82/s/H0888001/Supermarket/Supermarket/Snacks-%26-Desserts/Potato-Chips-%26-Prawn-Crackers/Potato-Chips-%26-Fries/Hot-Spicy-Wave-Cut-Potato-Chips-Mega/p/H0888001_S_10014431,//images.hktvmall.com/h0888001/50d11dbeea840ac9da6f2c1e4e1d883e126d7a10/h0888001_10014431_180430124606_01_300.jpg,2018-07-29 02:05:15.853341
93,Spicy Chicken Middle Wing (Frozen ) ,H0888001_S_10012880,CP,350g,34.9,32.9,Cooked Food,AA11487000001,THE MARKET,H0888001,4.613095238095238,inStock,Thailand,immediate shipment,main/%E5%A4%A7%E8%A1%97%E5%B8%82/s/H0888001/Supermarket/Supermarket/Chilled-Frozen-Food/Frozen-Snacks/Spicy-Chicken-Middle-Wing-Frozen-/p/H0888001_S_10012880,//images.hktvmall.com/h0888001/53223/h0888001_10012880_160819051750_01_300.jpg,2018-07-29 02:05:15.853642
94,Ladybird Roasted & Salted Peanut,H0888001_S_10004581,Sze Hing Loong,320g,23.5,21.9,Peanuts,AA11158005001,THE MARKET,H0888001,4.475206611570248,inStock,Indonesia,immediate shipment,main/%E5%A4%A7%E8%A1%97%E5%B8%82/s/H0888001/Supermarket/Supermarket/Snacks-%26-Desserts/Peanuts-%26-Nuts/Peanuts/Ladybird-Roasted-Salted-Peanut/p/H0888001_S_10004581,//images.hktvmall.com/h0001001/587c78a46efc80598668dfe403308d23106daa63/h0001001_h0888001_s_10004581_151110063934_01_300.jpg,2018-07-29 02:05:15.854031
95,Split Type Air-Conditioner (Indoor Unit) (1 1/2 HP) CS-LV12SKA,H5916001_S_CS-LV12SKA,Panasonic,1 pc,6180.0,3180.0,Air-Conditioner,AA85402000001,Ideal Home,H5916001,4.5,inStock,,merchant delivery,main/Ideal-Home/s/H5916001/Electrical-Appliances/Electrical-Appliances/Home-Appliances/Air-Conditioners/Window-Mounted-Split-System/Split-Type-AirConditioner-Indoor-Unit-1-12-HP-CSLV12SKA/p/H5916001_S_CS-LV12SKA,//images.hktvmall.com/h5916001/2a5a044e8e4c937eabd6c4f57d376cce70052d4a/h5916001_cslv12ska_180709102026_01_300.jpg,2018-07-29 02:05:15.854346
96,[Exclusive!!]Frozen Sanuki Udon - Tonkotsu Flavour,H0888001_S_10019633,Nissin,218g x 5,23.9,21.9,Noodles,AA11117200001,"NISSIN Foods (H.K.) Co., Ltd",H1061001,4.435406698564592,inStock,Hong Kong,immediate shipment,main/NISSIN-Foods-%28H-K-%29-Co-%2C-Ltd/s/H1061001/Supermarket/Supermarket/Chilled-Frozen-Food/Noodles/ExclusiveFrozen-Sanuki-Udon-Tonkotsu-Flavour/p/H0888001_S_10019633,//images.hktvmall.com/h0888001/e76d92b5078dbbacd94aaff254b65dd1d8f3bbd7/h0888001_10019633_171011115902_01_300.jpg,2018-07-29 02:05:15.854645
97,Golden Crispy (Frozen),H0888001_S_10012020,CP,230g,24.9,22.9,Cooked Food,AA11487000001,THE MARKET,H0888001,4.434782608695652,inStock,Thailand,immediate shipment,main/%E5%A4%A7%E8%A1%97%E5%B8%82/s/H0888001/Supermarket/Supermarket/Soup%2C-Cooked-Food-%26-Preserved-Food/Cooked-Food/Golden-Crispy-Frozen/p/H0888001_S_10012020,//images.hktvmall.com/h0888001/32296/h0888001_10012020_160223055955_01_300.jpg,2018-07-29 02:05:15.854945
98,Andrex Moist Bath Tissues 40s w Tub,H0888001_S_10050051,Andrex,40's,29.9,19.9,Wet Wipes,AA11802500001,Andrex/Kleenex/Scott Offical Tissue Store,H0551003,4.624,inStock,Korea,immediate shipment,main/Kimberly-Clark-Family-Care-Store/s/H0551003/Supermarket/Supermarket/Tissues%2C-Disposable-%26-Household-Products/Wet-Wipes/Andrex-Moist-Bath-Tissues-40s-w-Tub/p/H0888001_S_10050051,//images.hktvmall.com/h0888001/dc845804d4e61a8236b9950e8352a32071e19d36/h0888001_10050051_180411074625_01_300.jpg,2018-07-29 02:05:15.855279
99,Facial Tissue (Fuzzy Peach),H0888001_S_10014608,Tempo,4 boxes,36.9,31.5,Boxed Facial Tissues,AA11801000001,Tempo HK Official Store,H1066002,4.266666666666667,inStock, ,immediate shipment,main/Tempo/s/H1066002/Supermarket/Supermarket/Tissues%2C-Disposable-%26-Household-Products/Boxed-Facial-Tissues/Facial-Tissue-Fuzzy-Peach/p/H0888001_S_10014608,//images.hktvmall.com/h0888001/f9dd498b75be6bedea75bd3410558783c279a1f9/h0888001_10014608_170510082912_01_300.jpg,2018-07-29 02:05:15.855581
