title,category,content,date,url
屯門堆填區滲漏污水　環保署指附近環境無受明顯影響,港聞,"屯門堆填區近日涉嫌有污水滲漏，下白泥村魚塘被波及。環保署今日（8月31日）回應事件，指新界西堆填區的水體管理系統分為兩套獨立的收集及處理系統，即雨水及地下水管理系統和滲濾污水管理系統，而今次事件源於承辦商沒有妥善處理雨水收集裝置的開關掣，導致有夾雜污染物的雨水滲漏至附近河道。

環保署今年8月初接獲投訴報告指，附近大水坑河受污染，懷疑有非法排放。環保署環保法規管理科經調查後，在8月7日發現堆填區內有污水流出，隨即蒐集證據，若有足夠證據，會依法檢控涉事承辦商。同時，署方亦已嚴厲警告有關承辦商，並責成承辦商立即徹查及修正事件。承辦商已於即日修正有關問題，以及停用雨水收集裝置的開關掣，並全面檢查同類設施，以確保事件不會再次發生。

對於有報道指經修正後的集水池仍不斷有「垃圾汁」排放，環保署解釋，實際情況是受污染的雨水已被堵截及沉澱在集水池的底部，故集水池的水呈現較深的顏色，屬正常情況，污水亦會持續被泵走處理。

環保署強調，自新界西堆填區運作逾20年以來，因開關掣出現問題而引致涉嫌違規事件是首次發生，屬個別事件。今次事件發生後，附近的環境及水體沒有受明顯的影響，亦未發現有大量藻類或大量魚類死亡的情況。

環保署指，一直嚴格監管承辦商的表現，如發現未達合約要求的個案，均會要求承辦商詳細調查事件發生的原因，從而擬定措施以免同類事件再次發生。另外，環保署法規管理科執法人員亦一直密切監察堆填區的污水排放，若發現涉嫌違規情況，定必跟進調查，如證實有違反《水污染管制條例》事項，會依法提出檢控。

（無綫新聞截圖）",2018-08-31 00:00:00,http://www.passiontimes.hk/article/08-31-2018/47848
指港鐵工程主管考試未見集體作弊　機電署認為制度有改善空間,港聞,"今年6月，有報道指專責維修安全的港鐵工程主管考試，懷疑出現大規模作弊，有員工爆料，有考生在考試前事先獲發全卷答案，現場考官亦會提水，確保考生答對。機電署得知事件後，隨即要求港鐵公司就有關指控進行調查，署方並同時進行獨立調查。

政府今晚發新聞稿，指根據機電署的調查結果，並沒有證據顯示港鐵公司工程主管課程的試題曾經外洩或有應考人員集體作弊，但指有關考試制度確有改善空間。

機電署已要求港鐵公司實行多項改善措施，並會密切監察港鐵公司按時落實有關措施，包括進行不定時抽查，以確保有關考試制度妥當完善，保障鐵路系統運作安全。",2018-08-31 00:00:00,http://www.passiontimes.hk/article/08-31-2018/47847
李慧詩亞運再下一城　衞冕場地單車爭先賽,港聞,"「牛下女車神」李慧詩再傳喜訊，繼日前蟬聯亞運場地單車競輪賽之後，今日（8月31日）轉戰爭先賽再下一城，成功衞冕。

李慧詩直落兩場擊敗南韓選手李慧貞，取得她今屆第2面金牌之餘，更將自己歷屆亞運的金牌總數增至第5面。

連同早前男子麥迪遜賽的金牌，港隊已於今屆印尼亞運取得6面金牌，追平上屆紀錄。

（圖片來源：港協暨奧委會）",2018-08-31 00:00:00,http://www.passiontimes.hk/article/08-31-2018/47845
人大通過新稅務法案　在中國住滿183日需申報全球收入,兩岸國際,p.p1 {margin: 0.0px 0.0px 0.0px 0.0px; font: 12.0px '.PingFang HK'; color: #454545} p.p2 {margin: 0.0px 0.0px 0.0px 0.0px; font: 12.0px 'Helvetica Neue'; color: #454545; min-height: 14.0px} span.s1 {font: 12.0px 'Helvetica Neue'}全國人大常委會通過新修訂的《個人所得稅法修正案草案》，由明年1月1日起，任何人在中國住滿183日，他在境外所有收入都須於繳交個人所得稅。而經常在中國居住的香港人可能受到影響。全國人大常委會以157票贊成、2票反對、11棄權，通過《個人所得稅法修正案草案》，明年1月1日生效。全國人大常委會通過《個人所得稅法修正案》，明年1月1日起，任何人在中國居住滿183日，即會被定義為「稅務居民」，要就他在全球的境外收入所得，包括在境外的存款利息、股息及出租出售物業等收入，均需要在內地繳納個人所得稅。根據《個人所得稅法修正案》，年收入不超過30000元人民幣的人士需繳稅5%、超過50萬應繳稅率增至35%，年收入達96萬人民幣或以上的稅率達45%。此外，個人獲得的利息、股息、房屋放租所得租金，以及偶然所得，需繳納20%稅款。而全國人大常委譚耀宗指，在中國工作的港人，若能證明居住地以香港為主，預料可獲豁免。新稅法給予港人五年寬限期，即在2024年才需要申報全球收入，並繳交稅項。,2018-08-31 00:00:00,http://www.passiontimes.hk/article/08-31-2018/47850
互換物業涉嫌貪污　馮永業及陳婉玉被廉署起訴,港聞,"廉政公署已完成調查涉及一宗互換物業交易和相關事宜的貪污投訴。廉署根據調查結果向律政司徵詢法律意見，根據有關法律意見，廉署今日（8月31日）落案起訴前經濟發展及勞工局副秘書長馮永業及商人陳婉玉，控告他們就該案涉嫌貪污及公職人員行為失當。

55歲馮永業為前經濟發展及勞工局副秘書長，被控兩項罪名，即一項公職人員接受利益，以及一項公職人員行為失當，違反普通法。

另一名被捕人士為62歲的陳婉玉，為港聯直升機有限公司、港聯航空有限公司及/或港聯直升機(香港)有限公司(三間公司)時任董事兼股東，被控一項向公職人員提供利益罪名。

兩名被告將於下星期二在東區裁判法院應訊，以待案件轉介區域法院答辯。

馮永業案發時是經濟發展及勞工局副秘書長及該局航空組主管，職責包括就航空運輸進行談判、指定航空公司經營航線，以及分配航權。其中一項控罪指馮永業涉嫌於或大約於2004年9月28日，無合法權限或合理辯解而從陳婉玉接受51萬港元，作為傾向於或保持傾向於優待她及/或由她控制或與她有關連的三間公司的報酬。另一項控罪指陳婉玉涉嫌於或大約於同一日以相同目的向馮永業提供51萬港元。

餘下一項控罪指馮永業涉嫌於2004年9月28日至2006年7月9日期間，於履行其公職過程中或在與公職有關的事務上，在無合理辯解或理由而故意作出不當行為，即於或大約於2004年9月28日接受陳婉玉該筆51萬港元的款項，作為他購買香港羅便臣道一個物業的臨時訂金；向政府隱瞞或沒有向政府申報或披露他於或大約於2004年9月28日接受陳婉玉該筆51萬港元的款項；沒有就處理和審批由陳婉玉控制或與她有關連的三間公司所作出的各項申請申報利益衝突；及沒有迴避參與商議和決議涉及由陳婉玉控制或與她有關連的三間公司所作出的各項申請。",2018-08-31 00:00:00,http://www.passiontimes.hk/article/08-31-2018/47842
認減土瓜灣站支撐工字鐵　港鐵辯稱為提升效率,港聞,"有報道指，港鐵沙中綫土瓜灣站於開挖後，要以7層橫向工字鐵支撐兩邊連續牆，但在完工之後，港鐵就修改圖則，將支撐減至6層。

立法會鐵路事宜小組今日（8月31日）召開特別會議，討論近日沙中綫風波，港鐵常務總監金澤培承認，將7層橫向工字鐵減少至6層，用以提升施工效率，不過就有加強工字鐵的支撐。

不過他就強調，個別工字鐵有加強支撐能力，而相關圖則已獲路政署批准。

對於有議員關注沙中綫連番問題會否影響通車日期，運輸及房屋局局長陳帆強調，沙中綫「不安全、不開車」。",2018-08-31 00:00:00,http://www.passiontimes.hk/article/08-31-2018/47843
亞運場地單車麥迪遜賽　港隊梁峻榮夥拍張敬樂奪金,港聞,"港隊於今屆亞運取得第5面金牌，梁峻榮與他的世界盃兼亞洲賽金牌拍擋張敬樂，於場地單車男子麥迪遜賽封王。

梁峻榮日前於男子場地單車全能賽，僅敗於日本選手奪得銀牌，今日終於可以再晉一級。

男子麥迪遜賽事鬥160個圈，每隊有兩人落場，港隊最終反超前南韓隊奪冠南韓及日本則分列二、三名。（圖片來源：港協暨奧委會）",2018-08-31 00:00:00,http://www.passiontimes.hk/article/08-31-2018/47844
檢查大腸時導管誤插老婦陰道　報告指伊院放射師無查清位置,港聞,"一名患有長期病患的79歲老婦，今年7月4日在伊利沙伯醫院進行大腸鋇劑灌腸造影檢查時，放射師原本嘗試將導管置入肛門，但不當置入了陰道，放射師未有檢查導管置入的位置，期間向病人口頭確認導管放置於肛門，結果病人的陰道、子宮及輸卵管均有鋇劑，陰道懷疑有裂傷，需接受緊急手術，修補陰道傷口，清洗殘留的鋇劑，並要切除輸卵管。院方今日（8月31日）公佈調查報告結果及提出改善建議，指放射師在置入導管時，沒有清楚看見病人的會陰部位。

委員會調查後作出結論，指放射師在置入導管後，亦未再次檢查導管位置。在置入導管前或後，認為放射師應該檢查並確認導管的位置，以避免同類事件再次發生。委員會又指，在這次事件中，導管前端的氣球造成病人陰道損傷，並導致鋇劑進入病人的子宮及輸卵管，並指醫學文獻顯示同類事件非常罕見。

委員會向院方及醫院管理局建議，檢討並修訂大腸鋇劑灌腸造影檢查的工作流程，以確保在置入導管後，需由另一名放射師或放射科醫生，確認導管位置正確。在導管前端的氣球充氣前，需由醫生確認導管置入正確位置。充氣前亦需要評估對個別病人的效益、風險及需要性。委員會又建議向放射診斷部所有員工講解事件，並在正式會議中總結今次事件所汲取的教訓。

伊利沙伯醫院已經向病人家屬解釋調查結果，並再次向病人及其家屬致歉，該院會繼續與家屬保持溝通及提供所需協助。此外，該院已接納委員會的調查結果及改善建議，並已向醫院管理局總辦事處呈交調查報告。

放射診斷部在事件發生後已即時制定和落實新指引，放射師在置入導管後，除了要向病人確認位置正確外，亦需要由另一名放射師或放射科醫生進行第二次確認，才可以繼續進行檢查。",2018-08-31 00:00:00,http://www.passiontimes.hk/article/08-31-2018/47846
樓價按月再升0.82%　連續21個月創新高,港聞,差餉物業估價署公布最新樓價指數，私人住宅售價指數再創歷史新高報393.5點，雖然按月上升約0.82%，但累計升幅已達45%，樓價指數已連升28個月，並連續21個月創新高。431-752平方呎的中小型單位，錄得最大的樓價升幅，按月升1%。樓租金指數亦連升5個月，上月私樓租金指數升0.25%至193.9，2018年累計上升3.4%。,2018-08-31 00:00:00,http://www.passiontimes.hk/article/08-31-2018/47838
工聯會民建聯區議員絕食抗議領展　居民狠批做大戲垃撚圾,港聞,工聯會的區議員簡兆祺，聯同民建聯區議員莊元苳，早上前往將軍澳尚德村商場，聲稱絕食抗議領展收回三樓商場，不過由於以往民建聯曾支持領展前身的領匯上市，不少居民批評兩人只是「做大戲」。簡兆祺雖有在Facebook貼上抗議時的照片，但事前無張貼任何訊息預示有相關行動，商場雖曾設置鐵馬包圍兩人，但兩人輕易走出鐵馬繼續展示標語，與早前其他政團有相關行動時，領展用圍板遮蓋示威者標語有所分別。由於民建聯曾在立法會支持領展前身的領匯上市，而工聯會、民建聯一直批評反政府建制的示威行動，因此有不少居民在網上留言，批評兩人只是「做大戲，垃撚圾」，又有人批評「佢地抗議就好地地..人地抗議就講毒」。（圖片來源：將軍澳Facebook群組截圖）,2018-08-31 00:00:00,http://www.passiontimes.hk/article/08-31-2018/47839
涉多宗爆竊及盜竊案停職警　瞞債借錢欺詐罪成判囚四個月,港聞,一名涉及多宗爆竊及盜竊案而遭停職受查的重案組男警陳曉健，因五次向警察儲蓄互助社申請貸款時隱瞞有其他債項在身，成功借逾71萬元貸款，遭揭發後被控5項企圖欺詐罪，昨日在粉嶺裁判處承認其中三項罪名，被判囚四個月。案情指被告於2015年及2016年多次向儲蓄互助社申請貸款，當時聲稱沒有向其他財務公司借貸，但經警方揭發，在申請貸款時，被告曾向財務公司借款數十萬。陳又涉及7宗爆竊及3宗盜竊罪，包括在2015年先後到荃灣小紅館、觀塘香城冰室、紅磡冰室、元朗潮城魚蛋粉進行爆竊，以及在2017年於屯門一工業大廈偷取264罐奶粉等。案件已排期下月在區院審理。,2018-08-31 00:00:00,http://www.passiontimes.hk/article/08-31-2018/47834
美擬下月初向2000億美元華貨徵稅　特朗普再批中國貶值人民幣,兩岸國際,據《彭博》8月31日報道，美國有意於9月6日結束公眾諮詢後，宣布向2000億美元中國貨加徵關稅。美國總統特朗普接受訪問時，無明確表明是否屬實，只是稱「報道不是完全錯」，又批評中國因為經濟放緩，企業生意減少，用人民幣貶值抵銷相關影響，認為不是公平競爭。美國對二千億美元中國貨徵稅，正舉行公眾諮詢，諮詢將於9月6日結束，受影響的包括建屋材料、科技產品、服裝及單車。中國聲稱加強威脅沒有用，中國不會屈服，並聲稱一旦美方徵稅，就會向600億美元的美國貨加徵關稅。（圖片來源：無綫新聞截圖）,2018-08-31 00:00:00,http://www.passiontimes.hk/article/08-31-2018/47836
歐聯分組賽抽籤　巴塞熱刺燕豪芬國米同組,體育,"2018至19年度的歐聯分組賽，於歐洲時間周四（8月30日）在摩納哥進行抽籤。最混亂的一組肯定是B組，同組球隊包括西甲勁旅巴塞隆拿、英超的熱刺、意甲的國米及荷甲的燕豪芬。

A組：馬德里體育會（西班牙）、多蒙特（德國）、摩納哥（法國）、布魯日（比利時）

B組：巴塞隆拿（西班牙）、熱刺（英格蘭）、燕豪芬（荷蘭）、國際米蘭（意大利）

C組：巴黎聖日耳門（法國）、拿玻里（意大利）、利物浦（英格蘭）、貝爾格萊德紅星（塞爾維亞）

D組：莫斯科火車頭（俄羅斯）、波圖（葡萄牙）、史浩克04（德國）、加拉塔沙雷（土耳其）

E組：拜仁慕尼黑（德國）、賓菲加（葡萄牙）、阿積士（荷蘭）、AEK雅典（希臘）

F組：曼城（英格蘭）、薩克達（烏克蘭）、里昂（法國）、賀芬咸（德國）

G組：皇家馬德里（西班牙）、羅馬（意大利）、莫斯科中央陸軍（俄羅斯）、柏辛域陀尼亞（捷克）

H組：祖雲達斯（意大利）、曼聯（英格蘭）、華倫西亞（西班牙）、年青人（瑞士）

（）為球隊所屬的聯賽在今日的歐聯抽籤儀式上，同時頒發2017/18球季歐洲足協年度最佳男子球員獎項，由帶領克羅地亞首度殺入世界盃決賽的摩迪大熱當選。最佳女子球員方面，則由效力禾夫斯堡的丹麥前鋒Pernille Harder奪得。

歐聯最佳門將：基羅拿華斯（皇家馬德里）
歐聯最佳後衛：沙治奧拉莫斯（皇家馬德里）
歐聯最佳中場：摩迪（皇家馬德里）
歐聯最佳前鋒：基斯坦奴朗拿度（皇家馬德里）歐聯分組賽於9月18日展開，決賽將於明年6月1日，於馬德里體育會主場萬達大都會球場舉行。

（歐聯官網截圖）",2018-08-31 00:00:00,http://www.passiontimes.hk/article/08-31-2018/47832
林錦交匯處追截可疑車輛　警方稱警長生命受威脅下開槍,港聞,"大埔林錦公路交匯處今午（8月30日）發生警員開槍事件，警方指當時警員生命受到威脅，別無選擇之下，合法向目標開槍，並強調警方使用武力有嚴格規定。

新界北總區刑事總部警司陳依萍表示，於今年8月14日接獲一宗失車案，報案人指他的輕型貨車於粉嶺區被偷。到今日下午約1時半，報案人在粉嶺見到他的失車，他隨即駕車尾隨，並報警求助。

去到林錦交匯處時，報案人駕駛的車輛與他的失車碰撞，停在迴旋處，新界北衝鋒隊警員趕到現場，見到一名男子從失車跑到一輛接應的私家車上，當警長上前追截時，該私家車高速駛向警長方向。陳依萍指，警長當時生命受到威脅，別無選擇向目標開了一槍，之後私家車向大埔方向逃走。警方在下午3時半於廣福邨尋獲該私家車，暫時無人被捕。警方指現時有3人在逃，包括1名駕駛失車的司機，以及2名駕駛接應車輛的人士。

事件中報案人受輕傷，開槍的警長及他的同事亦感身體不適，要送院檢查。案件現交由新界北總區重案組第3隊調查，警方並呼籲市民提供消息。

（港台新聞截圖）",2018-08-30 00:00:00,http://www.passiontimes.hk/article/08-30-2018/47827
港澳台居民居住證式樣公布　9月起接受申請,港聞,"中國國務院早前公佈《港澳台居民居住證申領發放辦法》通知，指港澳台居民前往中國居住半年以上，符合有合法穩定就業、合法穩定住所、連續就讀條件之一，可於9月1日起申請領取居住證，未滿16歲的港澳台居民，可以由監護人代為申請領取居住證。北京市公安局昨晚率先公布有關「港澳台居民居住證」式樣。居住證正面印有「中華人民共和國港澳居民居住證」、簽發機關名稱、有效期限及通行證號碼。背面則有持證人彩色照片、姓名、性別、出生日期、住址及18位數字的公民身份證號碼。


港澳台居民居住證的有效期限為5年，由縣級人民政府公安機關簽發。（圖片來源：北京公安局網頁截圖）",2018-08-31 00:00:00,http://www.passiontimes.hk/article/08-31-2018/47833
聯合航空以貨幣區分中港台　華春瑩：再有彈性也跳不出一中原則,兩岸國際,"早前中國要求多間國際航空公司更改對台灣的標示名稱，不過有網民就發現，聯合航空就以貨幣來分類所在地，香港就列作「港幣」，台灣就列作「新臺幣」，中國則被標示為「人民幣」。

在北京，中國外交部發言人華春瑩被問到對事件有何評論時，她指航空公司網站涉台灣名稱問題由中國民航部門具體負責，具體如何處理就要問主管部門。

華春瑩又強調，世界上只有一個中國，台灣是中國的一部分，屬客觀事實、基本常識和國際共識，也是任何外國公司在華經營的基本遵循。她續指，有關人士再怎麼想要有「彈性」，也無法跳出一個中國的根本原則和遵循。

（圖片來源：中國外交部）",2018-08-30 00:00:00,http://www.passiontimes.hk/article/08-30-2018/47828
曾蔭權瀆職案申請上訴終院　上訴庭拒批上訴許可,港聞,前特首曾蔭權就公職人員行為失當的定罪，申請上訴至終審法院，上訴庭今日頒發判詞，拒絕批出上訴許可。曾蔭權去年被裁定公職人員行為失當罪成，被判監20個月，之後提出上訴，上訴庭上月頒下判詞，駁回曾蔭權定罪上訴，但刑期就由20個月減至12個月，他須即時重返監獄服刑。曾蔭權被控出任特首期間，於行會討論及決定雄濤廣播牌照申請時，未有申報或披露，將租用雄濤廣播主要股東黃楚標的深圳單位。曾蔭權另外涉及一項行政長官接受利益罪，惟因陪審團未能達成有效共識，控方未有申請重審。（圖片來源：有線新聞截圖）,2018-08-31 00:00:00,http://www.passiontimes.hk/article/08-31-2018/47835
屯門翠寧花園「山墳」終被拆除　運輸署浪費公帑20萬,港聞,屯門翠寧花園的出入口早前出現幾座類似「山墳」的半圓形物體，原意是用來阻止居民在該處聚賭，但街坊都認為這些「山墳」物體影響觀感，紛紛向區議員作出投訴。經媒體報道後，運輸署初止回應時指有關「山墳」物體，竟是造價達20萬元的「以岩石鋪砌小丘園境」。而運輸署終於知衰，昨日開始拆除有關「山墳」，但白白浪費的20萬公帑，應由誰來負責。,2018-08-31 00:00:00,http://www.passiontimes.hk/article/08-31-2018/47837
3個巴士轉車站明日起禁煙,港聞,"控煙辦今日（8月30日）表示，《2018年吸煙（公眾衞生）（修訂附表2）令》於明日（8月31日）起生效，禁煙範圍將擴展以覆蓋3個新增通往快速公路或隧道的巴士轉乘處，包括香港仔隧道巴士轉乘處、大嶼山繳費廣場巴士轉乘處及屯門公路巴士轉乘處。

自2016年3月31日起，8個隧道出入口範圍內的巴士轉乘處已被指定為法定禁煙區，分別為獅子山隧道、海底隧道、東區海底隧道、城門隧道、大老山隧道、西區海底隧道、大欖隧道及青沙公路巴士轉乘處。

法令實施後，禁煙範圍將涵蓋全港所有11個通往快速公路或隧道的巴士轉乘處。",2018-08-30 00:00:00,http://www.passiontimes.hk/article/08-30-2018/47822
「黃雨下」帶孩童溪澗玩水遭狠批　活動負責人急澄清黃雨前已離開,港聞,一間非政府資助的家庭服務機構「天使家庭服務有限公司」昨日在其Facebook專頁貼出多張相片，為一群小朋友參加其「野孩子」活動之情況，相中有十多名小朋友在大雨中，仍留在溪澗中玩水。帖子內容更指「孩子們無懼風雨，在黃色暴雨下仍享受在野的樂趣。」結果即時被網民狠批，指活動負責人在黃雨的情況下，仍帶小朋友到溪澗中玩水，有被山洪暴發沖走之危險。有關專頁負責人其後更改帖子內容，澄清是在下雨前，與小朋友到溪澗玩了一段短時間，在黃色暴雨前已離開返回營地，又為令到網民誤解而致歉。然而有網民指出，香港連日來持續有雨，山上河流溪澗早已積存大量雨水，即使未有黃雨警報，山澗活動早應取消。網民又重提1995 年大城石澗山洪暴發事件，奪走了多條性命，勸告「活動攪手，要知進退，強出風頭，衹會跌得越痛，傷得更深。」（圖片來源：「天使家庭服務有限公司」Facebook專頁截圖）,2018-08-30 00:00:00,http://www.passiontimes.hk/article/08-30-2018/47818
近日連場豪雨　300公頃新界農地受影響,港聞,"近日連場豪雨，昨日更一度發出紅色暴雨警告，漁護署初步調查後指，約300公頃的新界農地受這次豪雨影響。

漁護署表示，本地農戶因豪雨影響而導致嚴重損失，可由明日（8月31日）至9月10日，登記申請緊急救援基金。

當局會根據既定準則，從救援基金中發放適當的援助金額予受影響的農戶，並會視乎損毀程度展開援助行動，向受影響的農戶提供一些紓解安排。",2018-08-30 00:00:00,http://www.passiontimes.hk/article/08-30-2018/47823
大埔廣福邨發現中彈私家車　警方續追捕涉案人士,港聞,大埔林錦公路交匯處今日下午發生警員開槍事件，一輛私家車之車頭玻璃紙被擊中，其後該私家車往沙田方向成功逃脫。其後該可疑中彈車輛在大埔廣福邨被發現，警方正繼續追捕涉案人士。據悉，一名市民今早駕車時，發現自己報失的客貨車在行駛，報警後警方加入追截，客貨車司機突下車逃走，轉往另一輛接應的私家車，私家車逃離時欲撞向一名警員，警員於是開槍阻止，擊中私家車擋風玻璃。（圖片來源：網絡）,2018-08-30 00:00:00,http://www.passiontimes.hk/article/08-30-2018/47819
新增一宗本地登革熱個案　患者為長洲居民,港聞,"本港今日（8月30日）新增一宗本地登革熱個案，為今年第28宗本地個案，患者為長洲居民。

最新一名患者為一名63歲婦人，於8月28日起發病。她居於長洲東來苑，潛伏期內沒有外遊記錄，於8月29日到長洲醫院急症室求醫，同日轉送瑪麗醫院留醫，目前情況穩定。

因應長洲確診多宗本地登革熱個案，政務司司長張建宗和食物及衞生局局長陳肇始今日前往長洲，了解防蚊工作，並到訪島上居民和學校。

（政府新聞處圖片）",2018-08-30 00:00:00,http://www.passiontimes.hk/article/08-30-2018/47824
警員林錦公路截查車輛期間開槍,港聞,大埔林錦公路今日下午約1時許，發生警員開槍事件。當時警員正在林錦公路截查一輛寶馬私家車，懷疑為一輛失車。司機未有聽從指示，開車往沙田方向逃去，警員開槍阻止。現時警方正在追捕該輛寶馬私家車及涉案人士下落，開槍事件現場有兩輛客貨車相撞。（圖片來源：港台新聞截圖）,2018-08-30 00:00:00,http://www.passiontimes.hk/article/08-30-2018/47817
一地兩檢條例明日刊憲　下月四日起實施,港聞,"《廣深港高鐵（一地兩檢）條例》（第632章）（《條例》）生效日期公告明日（8月31日）刊憲，指定《條例》於2018年9月4日起實施，以配合廣深港高鐵西九龍站實施「一地兩檢」的籌備工作。

經過與中國磋商，運輸及房屋局局長決定指定於2018年9月4日起實施《條例》，以配合廣深港高鐵香港段於月內開通。由2018年9月4日0時0分起，就「內地口岸區」的法律適用及管轄權劃分而言，《條例》界定之非保留事項會由中國根據《內地與香港特別行政區關於在廣深港高鐵西九龍站設立口岸實施「一地兩檢」的合作安排》和中國法律實施管轄。中國派駐機構人員亦會在西九龍站「內地口岸區」工作。在同日開始（即同樣由2018年9月4日0時0分起），位於西九龍站的香港口岸區亦會按照《合作安排》的規定，根據香港法律（即《香港鐵路附例》（第556B章））由香港鐵路有限公司藉憲報刊登的公告宣布為過境限制區。上述宣布過境限制區的公告，同樣明日刊憲。",2018-08-30 00:00:00,http://www.passiontimes.hk/article/08-30-2018/47820
7月零售業總銷貨值按年升7.8%,港聞,"政府統計處今日（8月30日）發表最新的零售業銷貨額數字，2018年7月的零售業總銷貨價值的臨時估計為389億元，較去年同月上升7.8%，未能延續近5個月的雙位數升幅。

按零售商主要類別的銷貨價值的臨時估計由高至低分析，2018年7月與去年7月比較，珠寶首飾、鐘錶及名貴禮物的銷貨價值上升16.8%。其次為超級市場貨品（銷貨價值上升0.7%）；服裝（上升3.4%）；藥物及化妝品（上升12.7%）；百貨公司貨品（上升8.6%）；電器及其他未分類耐用消費品（上升5.7%）；食品、酒類飲品及煙草（上升3.0%）；其他未分類消費品（上升10.2%）；汽車及汽車零件（上升6.7%）；燃料（上升15.2%）；鞋類、有關製品及其他衣物配件（上升5.5%）；傢具及固定裝置（上升3.7%）；中藥（上升0.8%）；以及眼鏡店（上升2.3%）。

另一方面，2018年7月與去年同月比較，書報、文具及禮品的銷貨價值下跌1.4%。

政府發言人指出，受惠於本地消費者及訪港旅客穩健的需求，零售業銷售在7月份錄得顯著的按年增長，儘管增速有所減慢。

展望未來，勞工市場情況良好，以及訪港旅遊業持續增長，在短期內應繼續為零售業銷售的表現帶來支持。然而，倘若外圍環境的不確定性持續或進一步增加，現時樂觀的消費情緒往後或會有所減弱。政府會密切留意相關情況。",2018-08-30 00:00:00,http://www.passiontimes.hk/article/08-30-2018/47821
墨西哥寄港包裹藏冰毒　43歲女子涉販運危險藥物周四提堂,港聞,"香港海關8月23日在香港國際機場檢獲約1.1公斤懷疑冰毒，估計市值約60萬元。

海關人員8月23日檢查一件由墨西哥到港的包裹，在一件金屬零件內檢獲該批懷疑冰毒。

跟進調查後，海關人員昨日（8月28日）在旺角拘捕一名懷疑涉案女子。

被捕女子43歲，已被控以一項販運危險藥物的罪名，將於明日（8月30日）在西九龍裁判法院提堂。

（政府新聞處圖片）",2018-08-29 00:00:00,http://www.passiontimes.hk/article/08-29-2018/47809
文子星處理贓款案獲撤控 　續還柙等候引渡聆訊,港聞,被印度當局指策劃恐怖活動，而被國際刑警發出紅色通緝令的印度裔男子文子星，與另外兩名男子因涉及一宗處理贓物案，今早在區域法院續審。案中首被告被裁罪成，還柙至9月18日判刑，而文子星及另一名被告則獲撤銷控罪，但文因印度方面要求就文涉嫌藏有軍火等案，將他引渡返印度受審，故文需繼續還押，以等候相關之引渡聆訊。案情指三名被告GURSEWAK SINGH、DILPREET SINGH 和文子星，於去年3月13日在大角咀洋松街處理兩個行李箱，內裡有逾32萬美元及5萬歐元贓款，約值300萬港元。文子星早前也曾涉及一宗搶劫案，他涉嫌於今年2月9日在尖沙咀搶劫折合3000多萬港元的日圓，但其後獲控方撤控。,2018-08-30 00:00:00,http://www.passiontimes.hk/article/08-30-2018/47814
暴雨致新界北嚴重水浸　消防接逾70宗求助報告,港聞,本港連續4日下大雨，8月29日傍晚6時40分更一度發出紅色暴雨警告，雖然暴雨警告已數小時後取消，但受暴雨影響，新界北多處水浸，有災民被迫離開家園入住臨時庇護中心。在紅色暴雨警告生效期間，北區、屯門及元朗一度錄得超過150毫米雨量，截至8月30日凌晨零時，政府收到23宗水浸報告，消防也接71宗求助報告。因暴雨影響，多條新界北鄉村水浸，粉嶺鄉郊有雨水湧入屋致有老婦被困，八鄉亦發生多宗水浸，有災民被逼離開家園暫住臨時庇護中心，災民包括一名剛滿月嬰兒。新界北因大雨多處水浸，打鼓嶺坪輋、錦田、運頭塘邨一帶出現道路水浸，唐公嶺與粉嶺高爾夫球場一段的粉錦公路，更一度因水浸全線封閉五個多小時。（圖片來源：無綫新聞截圖）,2018-08-30 00:00:00,http://www.passiontimes.hk/article/08-30-2018/47811
深圳水庫今晨2時半排洪　港府2時37分發稿通知,港聞,香港昨日連場暴雨，一度發出紅色暴雨警告，香港今日（8月30日）凌晨接獲深圳有關當局通知，深圳水庫於凌晨2時30分排洪。不過政府新聞處轉發相關通知的時間，則為凌晨2時37分。通告指一些新界地區可能出現水浸情況。有關政府部門，包括北區民政事務處，渠務署、警務處、消防處、水務署及社會福利署已獲通知，以便他們採取適當措施。（圖片來源：政府新聞網截圖）,2018-08-30 00:00:00,http://www.passiontimes.hk/article/08-30-2018/47812
港大校委張祺忠涉謀殺妻子　還柙懲教署11月再審,港聞,涉嫌謀殺妻子的港大校委會委員、港大工程學院助理院長張祺忠，被控一項謀殺罪，今早（8月30日）在東區裁判法院提堂，法官將案押至11月22日再審，因控方指被告有自殺傾向，法官判被告需交由懲教署看管。警方前日在張祺忠位於港大黃克競樓的寫字樓內，發現一個木箱，由6塊木板組成，內裡有一個行李篋，內藏一名53歲女性屍體，相信為於日前失蹤的張祺忠妻子陳慧文。張祺忠被指於本月20日晚上報案，報稱太太離開寓所後失去聯絡。警方翻查閉路電視後，發覺張之太太並無離開大廈，但就留意到張祺忠搬走一個大型木箱，警方認為事件有可疑，故交由港島總區重案組接手調查，其後揭發案件。,2018-08-30 00:00:00,http://www.passiontimes.hk/article/08-30-2018/47813
指未能掌握紅磡站實際建造細節　政府不排除鑿開月台接駁處檢查,港聞,"立法會交通事務委員會將於本周五（8月31日）舉行特別會議，討論港鐵沙中綫紅磡站月台風波，政府當局提交的文件指，不排除需要鑿開部分混凝土檢查。

運輸及房屋局向立法會提交文件，指政府現階段並不能掌握紅磡站擴建部分的實際建造細節，政府認為有必要先行釐清這方面的情況。故此，政府已要求港鐵公司全面檢視及核實所有建造記錄，並提交予路政署和屋宇署審視，方才有條件考慮荷載測試的方法。

屋宇署亦會諮詢其委聘的建築結構安全專家，視乎屋宇署的專家、以及專家顧問團的意見，因應港鐵公司能否提供足夠而可信納的資料及佐證，政府不排除需要鑿開部分月台層板與連續牆的接駁處進行檢查。",2018-08-29 00:00:00,http://www.passiontimes.hk/article/08-29-2018/47807
受山泥傾瀉影響　粉錦公路全線暫時封閉,港聞,運輸署宣布，因粉錦公路近打石湖因山泥傾瀉、水浸及塌樹影響，粉錦公路來回方向近舊消防訓練學校至營盤的全線現已封閉。運輸署宣布，來往上水至元朗的九巴77K號線須改經寶石湖路、粉嶺公路、新田公路、元朗公路、博愛交匯處、青山公路元朗段、錦田公路，至八鄉警署後返回錦田公路往元朗方向原有路線行駛。粉錦公路丙崗至八鄉警署中途站暫停服務。（圖片來源：網絡）,2018-08-30 00:00:00,http://www.passiontimes.hk/article/08-30-2018/47810
寄艙行李藏大麻精　印度抵港旅客被捕,港聞,"香港海關昨日（8月28日）在香港國際機場檢獲約8.3公斤懷疑大麻精，估計市值約100萬元。

一名男旅客昨日下午從印度加爾各答經新加坡飛抵本港，海關人員檢查其寄艙行李時，檢獲該批懷疑大麻精。

該名22歲男子隨即被補，案件仍在調查中。

（政府新聞處圖片）",2018-08-29 00:00:00,http://www.passiontimes.hk/article/08-29-2018/47808
中國留學生被殺棄屍　德國警方稱疑兇已自首,兩岸國際,"德國耶拿大學的一名中國留學生被殺，棄屍河中，當地警方指疑犯已經自首。

死者為德國圖林根州耶拿大學一名中國留學生，26歲，男性，姓劉。當地警方發言人表示，當地時間周二（8月28日）一名23歲越南籍學生自首，警方據疑兇口供，在東部城市耶拿的薩勒河中撈獲一具遺體，相信是早前遇害的劉姓中國留學生。

警方尚未披露疑犯行兇動機，法醫正調查受害者死因。中國駐德國大使館領事部主任周安平表示，強烈譴責該宗殘暴犯罪行為。中國大使館已派人前往當地了解案情，並敦促警方盡快破案，同時將密切留意案件調查的最新進展，並將協助死者家屬善後。

（圖片來源：Pixabay CC0 Creative Commons）",2018-08-29 00:00:00,http://www.passiontimes.hk/article/08-29-2018/47796
未決定是否停美韓軍演　美國國防部長：視談判情況而定,兩岸國際,"美國國防部長馬蒂斯(Jim Mattis)表示，未決定暫停更多與南韓的聯合軍事演練，視乎美朝談判情況而定。

馬蒂斯表示，美國暫停部分聯合軍演，是為了履行美朝領導人在新加坡會晤的承諾，而顯示誠意，美方目前沒有計劃暫停其他軍演；惟現時美韓兩國未有公布明年軍事演練的時間表。

馬蒂斯又指，美國未決定明年是否繼續暫停與南韓的主要軍演，將視乎談判情況而定；美國將繼續與盟友密切合作，執行聯合國安理會對北韓的制裁決議。

（CNN片段截圖）",2018-08-29 00:00:00,http://www.passiontimes.hk/article/08-29-2018/47797
兜售黃子華棟篤笑黃牛飛　中國優才及其同胞判囚兩個月,港聞,一連26場的黃子華最後一個棟篤笑《金盤𠺘口》，已經於上月底結束，警方拘捕3名涉兜售黃牛飛的持雙程證男子，指他們涉違反逗留條件。其中2人各被控一項違反逗留條件罪，今日（8月29日）於九龍城裁判法院再提堂，兩人承認控罪，被判監兩個月。36歲首被告陳建與50歲次被告陳基，各被控一項違反逗留條件罪，兩人涉嫌於7月30日在港鐵紅磡站D3出口外的平台，違反只准以訪客身份留港的條件，參與兜售「黃子華棟篤笑」門票業務。首被告於深圳任職網絡工程師，早於2008年透過「優才計劃」來港，今年2月向香港入境處申請永久居民身份證，正等待批核。至於另一名被捕男子，早前承認違反逗留條件，被判入獄兩個月。,2018-08-29 00:00:00,http://www.passiontimes.hk/article/08-29-2018/47801
港大校委張祺忠曾與妻爭執　 凌晨被押返宿舍調查,港聞,港大校委會成員張祺忠因涉嫌謀殺妻子，昨晚（8月28日）遭警方拘捕，張祺忠被通宵扣留調查。張祺忠是港大工程學院副教授及偉倫堂舍監，8月28日張祺忠曾向學生發電郵，稱過去幾日有警察出入，是為調查一宗與自己家庭有關的失蹤案，凌晨張祺忠被黑布蒙頭，鎖上手扣，一度押返偉倫堂港大宿舍調查。張祺忠8月20日曾向警方報案，稱妻子數日前與自己爭吵後離家失蹤，港島總區重案組接手調查後，從閉路電視片段發現女事主並無離開寓所，並見到張祺忠曾搬運大型木箱，認為有可疑，於是下午突擊搜查張祺忠位於港大黃克競樓的辦公室，在辦公室內發現相關木箱，並在內發現藏有女屍的行李箱，死者頸部有電線纏著。警方港島總區刑事總部警司羅國凱，稱正調查疑犯犯案動機，及偉倫堂是否案發第一現場，張祺忠8月16、17日曾因家事與妻爭執，之後其妻便告失蹤。,2018-08-29 00:00:00,http://www.passiontimes.hk/article/08-29-2018/47794
汀九橋驚見水龍捲 　本港今年內第四宗,港聞,"水龍捲再現香江，繼今年6月之後，深井汀九橋附近於今早（8月29日）11時許，清楚見到水龍捲。片段可見，水龍捲清楚於汀九橋附近出現，往麗都灣方向移動，歷時近1分鐘。今年6月，水龍捲先後兩度於長洲，以及在果洲群島出現。（香港突發事故報料區片段截圖）水龍捲．汀九
【18:40更新】改發紅色暴雨警告信號。 【18:20更新】山泥傾瀉警告、新界北部水浸特別報告、局部地區大雨報告及黃色暴雨警告信號現正生效。新界北部，尤其是元朗、八鄉及錦田、上水、打鼓嶺一帶正受暴雨影響，出現嚴重水浸，請各位注意安全，留意路面情況。 【水龍捲再現】今日（2018年8月29日）上午11時許，有市民在汀九附近目擊水龍捲。 龍捲風是自雷雨雲向下伸展至地面的一團快速旋轉空氣，在水面發生時稱為水龍捲。 （影片來源：Tobias Chan） #水龍捲 #龍捲風 #汀九
Posted by 香港天文台 HKO on Tuesday, 28 August 2018最新消息: 荃灣麗都泳灘 時間:11:35分 因為天氣非常不穩定,在近岸出現疑似龍捲的情況。 工會呼籲:在泳灘的市民如與到天氣不穩定,請注意自身安全,找安全的地方暫避。 #救生員 #天氣 #危險 #水龍捲 #康文署
Posted by 香港政府拯溺員總工會 on Tuesday, 28 August 2018",2018-08-29 00:00:00,http://www.passiontimes.hk/article/08-29-2018/47799
特朗普：Google及社交網站操縱搜尋結果,兩岸國際,"美國總統特朗普在當地時間8月28日表示，Google搜尋器，以及社交網站Twitter和Facebook操縱搜尋結果，令「特朗普新聞」的搜尋結果多是負面報道，情況嚴重。

特朗普於Twitter發文，表示當他在Google輸入「特朗普新聞」的字眼，大部分出現的報道假新聞的媒體（Google search results for “Trump News” shows only the viewing/reporting of Fake News Media.），以此質疑當中有刻意操縱搜尋結果（In other words, they have it
RIGGED
, for me & others, so that almost all stories & news is BAD. ）。

特朗普在帖文中表示，搜尋結果中以CNN(美國有線電視新聞網)為首針對特朗普的新聞尤為突出，反之立場較保守的報道都被壓制（Fake CNN is prominent. Republican/Conservative & Fair Media is shut out.）。特朗普直言情況嚴重，因為人們找到的資料被刻意篩選。

(圖片來源：特朗普Twitter)",2018-08-29 00:00:00,http://www.passiontimes.hk/article/08-29-2018/47798
助理社團事務主任再提供資料　進一步支持保安局禁民族黨運作,港聞,"警方早前建議保安局局長李家超，引用《社團條例》禁止香港民族黨運作。保安局今晚（8月29日）再就事件發聲明，指助理社團事務主任於昨日再向保安局局長提供資料，進一步支持其建議保安局局長行使《社團條例》第8條賦予他的權力，作出命令禁止香港民族黨運作。

保安局局長李家超今日已發信通知香港民族黨召集人及發言人的代表律師，並提供了這些資料，讓香港民族黨在9月11日或之前按《社團條例》第8（3）條作出它認為適當的書面申述。

保安局最初給予民族黨21日時間回覆，之後兩度將申述期延遲，至目前的9月11日或之前要回覆。",2018-08-29 00:00:00,http://www.passiontimes.hk/article/08-29-2018/47804
聯合航空改以貨幣區分中港台　台灣外交部樂觀其成,港聞,"中國早前要求多間國際航空公司更改對台灣的標示名稱，引來連串風波。有網民就發現，聯合航空就以別開生面的方式應對中方要求，就是以貨幣來作分類。

根據聯合航空的網頁顯示，香港就列作「港幣」，台灣就列作「新臺幣」，中國則被標示為「人民幣」。不過其他國家，就繼續以國名做標示。

據《中央社》報道，台灣外交部發言人李憲章表示，對航空公司彈性手法表示感謝，只要夠彰顯台灣主體性有別於中國，不管用什麼樣的方式，外交部都樂觀其成。

（聯合航空網頁截圖）",2018-08-29 00:00:00,http://www.passiontimes.hk/article/08-29-2018/47803
指大灣區三地貨幣法律有別　林鄭：須降低不同制度構成的限制,港聞,"行政長官林鄭月娥今日（8月29日）出席粵港澳大灣區金融高峰論壇，致辭時指要促進大灣區內生產要素流動，便利居民穿梭三地。

林鄭表示，與國際上其他知名灣區不同，大灣區雖在一國之內，卻存在兩個制度、三個關稅區、三種貨幣及三套法律制度。

要使資源分配更具效率，林鄭認為首先必須降低三地不同制度構成的政策限制，讓區內的人員、貨物、資金及信息等生產要素自由流動，以促進大灣區內居民穿梭三地生活、工作、求學、經商。

便利措施包括簡化港澳居民在大灣區開立銀行戶口，以及研究容許香港的電子錢包在粵港澳大灣區中國城市使用。


（政府新聞處圖片）",2018-08-29 00:00:00,http://www.passiontimes.hk/article/08-29-2018/47800
港大校委張祺忠被控謀殺　案件明日東區法院提堂,港聞,"涉嫌謀殺妻子的港大校委會委員、港大工程學院助理院長張祺忠，被控一項謀殺罪，案件明日（8月30日）在東區裁判法院提堂。

警方昨日突擊搜查張祺忠於港大黃克競樓的寫字樓，內裡發現一個木箱，由6塊木板組成，內裡有一個行李篋，內藏一名53歲女性屍體，相信為於日前失蹤的張祺忠妻子陳慧文。

警方昨日表示，一名男子於本月20日晚上報案，指太太離開寓所後失去聯絡。警方翻查閉路電視後，發覺報案人的太太並無離開大廈，但就留意到報案人搬走一個大型木箱，警方認為事件有可疑，故交由港島總區重案組接手調查。",2018-08-29 00:00:00,http://www.passiontimes.hk/article/08-29-2018/47802
杜絕排隊黨　劉德華演唱會不設實體售票處,港聞,"周日凌晨一名持雙程證的男子，於柴灣青年廣場排隊等買劉德華演唱會門票遇襲，排隊黨問題引起關注。城市售票處今日（8月28）日發通告，指劉德華演唱會2018不設實體售票處。通告指，鑑於近日接踵發生於城市售票網售票處外，因輪候購買演唱會門票而導致的傷人事件，主辦機構映藝文化娛樂經與康文署及警方協商後決定，基於保障市民的人身安全及維持公眾治安等重要考慮，加上在現階段沒有其他更佳的方案下，《My Love Andy Lau 劉德華 World Tour - Hong Kong 2018》將不會安排於售票處售票，只設網上、流動應用程式及信用卡電話訂購。一連20場的劉德華演唱會將於今年12月15日揭開序幕，通告指約60000張門票會於9月4日上午10時起，於城市售票網公開發售，顧客可同時透過城市售票網網頁、信用卡電話購票，以及流動應用程式My URBTIX訂購，每人每次限購最多4張門票。劉德華演唱會門票公開發售特別安排 -...
Posted by My Love Andy Lau World Tour on Tuesday, 28 August 2018（圖片來源：劉德華演唱會Facebook專頁截圖）",2018-08-28 00:00:00,http://www.passiontimes.hk/article/08-28-2018/47781
消息指港大校委張祺忠涉殺妻被捕,港聞,"消息指港大校委會委員、港大工程學院助理院長張祺忠涉謀殺妻子，今日（8月28日）被捕。

警方傍晚6時許接報，指香港大學一辦公室有一具女屍，經調查後相信為張祺忠的妻子。

據了解，張祺忠日前向警方報稱妻子失蹤，警方傍晚到張祺忠位於港大黃克競樓的辦公室調查，發現一名女屍。

（DBC片段截圖）",2018-08-28 00:00:00,http://www.passiontimes.hk/article/08-28-2018/47787
新巴城巴加薪5%　追溯到今年1月,港聞,"新巴城巴今日（8月28日）分別與汽車交通運輸業總工會新巴分會、新巴職工會、城巴勞資協商會、汽車交通運輸業總工會城巴分會及城巴職工會達成共識，2018年度加薪5%，全職車長及全職前線員工的最低加薪金額為$1,100，加薪生效日期會追溯至今年1月1日。

以一名新入職車長的薪金計算，其底薪的加幅為7.2%。今次加薪連同本年3月起生效的薪酬架構調整方案，以每日工作10小時計算，車長薪酬比去年上升了15.2%。加上年度特別獎金，新入職車長的每月平均收入為$22,986元。

新巴城巴同時會於9月1日起提升員工福利，包括全職車長及技工職級員工，將增設3個增薪點，於每年公司指定之12個工作天當值，於該指定日之超時津貼以時薪2倍計算。",2018-08-28 00:00:00,http://www.passiontimes.hk/article/08-28-2018/47786
違泊收牛肉乾後指警員無禮　民主黨區鎮樺跪低道歉,港聞,"民主黨大埔區議員區鎮樺上星期五在個人 Facebook 專頁貼文，指自己被抄牌時執勤的警察無禮貌，並揚言會「由下而上」展開投訴，但結果卻成功「呃嬲」，不少撐警網民批評區鎮樺涉違泊卻聲大夾惡，有爭取特權之嫌。區鎮樺今日（8月28日）再於 Facebook 貼文，態度大幅度轉變，承認「違泊不當，誠懇致歉」，強調一向重視警民合作，但亦期望公職人員在執行職務期間與市民互相尊重。

區鎮樺表示，一直支持警方就違泊問題執法，亦明白違泊行為的不當，並必定會承擔相關法律責任。對於個人違例泊車，以及可能對其他道路使用者造成的不便，他決定向公眾致歉。

區鎮樺重申，在收告票期間，沒有表示自己的議員身份，更沒有要求透過議員身份獲得任何特別待遇，他強調自己不認同任何利用特權施壓的行徑。聲明指他同意是次處理事件的方法是需要改善的，並承認在社交媒體上發文的用詞及語氣或有過火之處，就此致歉。相關新聞：
民主黨區議員區鎮樺違泊收牛肉乾　fb聲討抄牌警無禮反被洗版炮轟
http://www.passiontimes.hk/article/08-26-2018/47738就本人於8月25日清晨發佈的Facebook...
Posted by 區鎮樺 Au Chun Wah Ray-Joshua on Tuesday, 28 August 2018",2018-08-28 00:00:00,http://www.passiontimes.hk/article/08-28-2018/47788
香港男子涉闖解放軍氹仔軍營　被移送檢察院跟進,港聞,"一名50多歲香港男子，涉嫌闖入解放軍駐澳部隊氹仔軍營被捕，並被移送檢察院跟進。

據澳門電台報道，澳門治安警於昨日（8月27日）傍晚6時許接報，報案的軍人指一名男子事發前在軍營外徘徊，經勸喻後不單未有離開，更越過封鎖線進入軍營，即時被站崗的軍人制止，過程中未有反抗。

澳門治安警表示，疑犯聲稱目的是尋求保護和協助。

翻查紀錄，他在案發前數日入境澳門。

（圖片來源：家彥新聞｜CC BY SA 2.5）",2018-08-28 00:00:00,http://www.passiontimes.hk/article/08-28-2018/47789
接受器官移植後染戊型肝炎　4名病人目前情況穩定,港聞,"一名於瑪麗醫院離世的器官捐贈者，證實帶有戊型肝炎病毒，4名接受器官移植的病人受感染，初步懷疑捐贈的器官是傳染途徑。醫管局表示十分關注個案，將會成立專家小組檢視有關資料，以進一步提升器官移植服務的安全，並加強對器官移植病人的治療及護理。

醫管局表示，專家小組成員包括微生物學家、肝臟專家、器官移植及傳染病專家，小組會評估為器官捐贈者引進戊型肝炎檢測的效用及可行性。聲明指，縱使現時並無方法完全杜絕器官移植過程中感染傳染病的風險，專家小組亦會考慮擬訂臨床治理指引，當確認捐贈者屬隱性戊型肝炎患者時，在手術後適時為器官受贈者安排所需治療。

事件中接受心臟、肝臟及兩個腎臟移植的4名器官受贈者，已獲告知有關發現及獲安排適切的抗病毒治療。4名病人情況穩定，其中3名病人已出院，有關醫院會密切監察各病人的情況。而早前離世的肺部移植患者個案，將會轉交死因裁判官跟進。

醫管局感謝器官捐贈者的無私奉獻，並已將有關發現通知捐贈者家人。",2018-08-28 00:00:00,http://www.passiontimes.hk/article/08-28-2018/47785
裁定TVB報道UGL案失實　通訊局發警告,港聞,今年2月，通訊局共接獲8宗有關無綫《晚間新聞》，投訴主要指涉及前行政長官梁振英和UGL的案件的調查工作已結束的新聞報道內容失實，以及電視台未有更正失實的報道。通訊局決定向無綫發出警告，促請它嚴格遵守相關條文。被投訴的2月17日新聞節目報道指，根據消息來源，律政司聘用的御用大律師建議，不就UGL案件採取檢控行動，而廉政公署亦因應律政司的決定，結束該案的調查工作。然而，律政司翌日就澄清，指有關報道不正確，強調律政司並未就該案件是否提出檢控作出決定。無綫新聞台其後在2月28日早上10時30分至午後播放的新聞節目《新聞報道》中，報道律政司已澄清並未就UGL案件是否提出檢控作出決定，熒幕下方亦重複播出顯示相關訊息的移動字幕。不過律政司就表示，無綫在2月17日播出被投訴的報道前，或在2月18日律政司作出回應後，並沒有與律政司接觸；以及無綫提交陳述，當中包括指無綫在作出有關報道時，確信所報道的內容準確無誤，而當時沒有證據顯示該台的記者在報道有關新聞時出錯。通訊局認為，基於律政司的回應，有關報道提及律政司的決定顯然失實。通訊局又指，無綫並無責任披露其消息來源，但需證明它已盡一切合理努力，確保所報道的真實資料準確無誤。然而，無綫並無提供任何資料，顯示它如何確保被投訴的新聞報道準確無誤。鑑於上述情況，通訊局認為節目有關報道失實的投訴成立，無綫違反了《電視節目守則》第 9 章第 1 及第 1A 段的規定。經考慮個案的具體事實及情況，以及其他相關因素，通訊局決定向無綫發出警告，促請它嚴格遵守相關條文。,2018-08-28 00:00:00,http://www.passiontimes.hk/article/08-28-2018/47783
金管局再接78.5億港元沽盤　銀行體系結餘跌穿800億,財經地產,港元今日（8月28日）接連觸發7.85弱方兌換保證，金管局於亞洲時段又入市接沽盤，買入78.5億港元。周四本港銀行體系戶口結餘，將降至763.5億元。金管局接連出手後，兩日內已買入145.7億港元。,2018-08-28 00:00:00,http://www.passiontimes.hk/article/08-28-2018/47782
歷來亞運第4金　李慧詩競輪賽成功衛冕,體育,"「牛下女車神」李慧詩再傳捷報，她今日（8月28日）下午出戰亞運場地單車競輪賽，力壓其餘5位對手成功衛冕，為港隊奪得今屆第4面金牌之餘，也是她個人歷年來亞運會的第4金，至於另一位港將李海恩得第4名。

李慧詩亦成為香港亞運史上奪得最多金牌的運動員，舊紀錄為3金得主黃金寶及傅家俊。

至於男子團體追逐賽金牌戰，梁嘉儒、梁峻榮、張敬樂和繆正賢代表港隊上陣，造出4分10秒368，不敵中國隊奪得銀牌。（圖片來源：港協暨奧委會）",2018-08-28 00:00:00,http://www.passiontimes.hk/article/08-28-2018/47784
排隊買劉德華演唱會飛遇襲案　警方先後拘捕4人,港聞,一名持雙程證的58歲男子，周日凌晨於柴灣青年廣場通宵排隊購買劉德華演唱會門票時，被兩名持刀男子襲擊，手耳中刀送院，消息指警方已經先後拘捕4名涉案人士。警方於今日（8月28日）凌晨，於筲箕灣拘捕一名26歲男子，據了解男子有黑幫背景，他涉嫌串謀有意圖傷人，現正被扣查，警方之後再拘捕多3人。警方經初步調查後，懷疑有黑社會以威嚇方式打尖，被拒後施襲報復。（圖片來源：網絡截圖）,2018-08-28 00:00:00,http://www.passiontimes.hk/article/08-28-2018/47777
傳新地前主席郭炳湘暈倒送院,港聞,綜合媒體報道，一名67歲郭姓男子昨晚約11時，在新鴻基地產郭氏家族位於港島深水灣道的大宅內暈倒，由救護車送至律敦治醫院救治，消息指事主為新地前主席郭炳湘。據東方日報報道，郭炳湘今日清晨已轉往私家醫院繼續接受治療。（圖片來源：網絡截圖）,2018-08-28 00:00:00,http://www.passiontimes.hk/article/08-28-2018/47772
李家超指韓正要求對港獨零容忍　支持保安局依法處理香港民族黨,港聞,正在北京進行交流的保安局長李家超今早會見記者，指昨日與國務院副總理韓正會面時，對方主動提出要對港獨「零容忍」，又表示支持保安局依法處理香港民族黨個案。李家超指，因香港民族黨個案正在處理中，不宜公開案件的細節及內容，但會嚴格按照社團條例進行。當被問到香港眾志有成員在中國被國安人員扣查時，李家超只是表示若任何人需要向港府求助，都應向相關部門提供資料，有關當局會按實際情況作出跟進。李家超又引述韓正之講話，指中央貫徹一國兩制方針堅定不移，不會變、不動搖，一國兩制在港之實踐，不走樣、不變形。韓正希望紀律部隊全面準確理解和貫徹一國兩制方針，維護國家安全。李又指韓正引國家主席習近平去年來港時的講話，強調任何危害國家主權安全、挑戰中央和基本法權威，利用香港對中國作任何滲透破壞的活動，都不能容許，是不能觸碰的底線。（圖片來源：有線新聞截圖）,2018-08-28 00:00:00,http://www.passiontimes.hk/article/08-28-2018/47776
傳日本禁中興華為競投電訊項目　中國外交部表示關切,兩岸國際,"據日本《產經新聞》報道，日本政府基於國家安全考慮，考慮效法美國及澳洲，計劃禁止中興及華為兩間公司，競投政府電信設備項目。

在北京，中國外交部發言人華春瑩回應傳媒查詢時，對有關報道表示關切，將了解核實有關情況，但就強調日本政府官方並未表態，只是《產經新聞》報道而已。

華春瑩表示，中國政府一貫鼓勵中國企業在遵守國際規則和當地法律基礎上，開展對外經濟合作。她指中國企業同包括日本在內的外國企業，開展合作的本質是互利共贏，也是遵守國際規則和當地法律法規。

華春瑩希望日方為中日兩國企業，開展正常和互利共贏的合作提供公平、透明和公正的環境，而不是相反。

（圖片來源：中國外交部）",2018-08-27 00:00:00,http://www.passiontimes.hk/article/08-27-2018/47770
回應澳設立維護國家安全委員會　林鄭：不能迴避為23條立法,港聞,澳門昨日公布成立維護國家安全委員會，由澳門特首崔世安擔任主席，香港特首林鄭月娥今早出席行政會議前，回應時表示因澳門早在2009年已通過維護國家安全法，成立安全委員會是要進一步完善維護國家安全法律制度的配套，香港則要先完善落實23條立法。林鄭又指香港有責任維護國家安全、領土完整，為23條立法之工作不能迴避，而有些工作已在進行中，政府要審時度勢，等到一定條件才會啟動。當被問到香港眾志有兩名成員到中國時曾被國安人員扣查，林鄭則拒絕評論，但她表示港府與中國公安部簽署通報機制，如有港人在中國遭刑事扣押或拘捕，特區政府會收到通報，但現時港府並未有就相關事件收到通報。她又指每一個司法管轄區都有自己的範疇，大家都要遵守和尊重各司法管轄區之法律。而在香港只有香港的執法機關執法，並不存在有其他執法機關在港執法。（圖片來源：無綫新聞截圖）,2018-08-28 00:00:00,http://www.passiontimes.hk/article/08-28-2018/47774
屯門翠寧花園驚見「山墳」　網民：要貼啲議員相上去,港聞,屯門區議員譚駿賢昨晚在Facebook貼出一張相片，指接到街坊投訴，有幾個看似「山墳」的半圓形物體，突然出現在屯門翠寧花園的出入口，影響觀感。原來該處之前不時有人聚賭，經街坊投訴後，運輸署原建議在該處興建單車泊位，但遭到其他區議員及地區人士反對，又有人提議改建花糟，惟幾經改動後，終於出現類似「山墳」的障礙物。對於這些「山墳」的物體，不少網民都認為「好核突」，有人更質疑「唔知呢度洗咗幾多個十萬呢？」，有的網民更有創意，笑稱要「貼啲議員相上去囉。」（圖片來源：譚駿賢Facebook專頁截圖）,2018-08-28 00:00:00,http://www.passiontimes.hk/article/08-28-2018/47773
金管局再接27.95億港元沽盤　銀行體系結餘跌穿900億,財經地產,港元今晨（8月28日）再次觸發7.85弱方兌換保證，金管局於紐約時段又入市接沽盤，買入27.95億港元。本港銀行體系戶口結餘，將降至841.82億元。今次是金管局一日內第二度入市，較早前於歐洲時段接了39.25億港元，兩次合共買入67.2億港元。今次也是金管局本月內第7次入市，共承接約248億港元沽盤。,2018-08-28 00:00:00,http://www.passiontimes.hk/article/08-28-2018/47771
器官捐贈者帶有戊型肝炎病毒　4名接受移植病人受感染,港聞,"一名器官捐贈者證實帶有戊型肝炎病毒，4名接受器官移植的病人受感染，初步懷疑捐贈的器官是傳染途徑。

該名器官捐贈者年約40歲，今年2月於瑪麗醫院病逝，她的心、肺、肝及兩個腎，分別移植到5個病人身上。

接受肺部移植的病人因病情嚴重，早前離世，但未確定是否與戊型肝炎有關，而另名4人都證實感染戊型肝炎。今次相信是經器官移植，傳染戊型肝炎的全球首例。",2018-08-27 00:00:00,http://www.passiontimes.hk/article/08-27-2018/47769
美中貿易談判未見成果　特朗普：現非談判好時機,兩岸國際,美國和中國8月22至23日舉行的貿易談判未見成果，亦未有定出下次談判時間，美國總統特朗普指現非談判的時機。特朗普雖稱肯定最終能與中國達成協議，但又認為現非好時機與中國談判，因過多年來過分遷就中國。他又指現時美國對中國的策略成功，美國的經濟已向好發展，從來沒有這麼好，未來也只會更好。美國官員向路透社回應8月22至23日談判時，批評中國官員在談判中無提出新建議，反不斷指責美國不遵守世界貿易規則，特朗普8月24日在Twitter聲稱，因美國在貿易問題對中國強硬，中國處理北韓問題亦變得不甚積極。（圖片來源：無綫新聞截圖）,2018-08-28 00:00:00,http://www.passiontimes.hk/article/08-28-2018/47775
粉嶺站有人誤闖路軌事件　消息指男子偷拍事敗後跳軌逃逸,港聞,"今日（8月27日）傍晚6時許，港鐵指懷疑有人誤闖粉嶺站附近的路軌範圍，東鐵綫列車駛經粉嶺站路段時一度需要慢駛，消息指該名「誤闖」路軌的人士，為一名涉嫌偷拍裙底的男子，最終他逃去無蹤。

現場消息指，有乘客發現一名30餘歲的男子涉嫌在粉嶺站月台偷拍，涉事的男子隨即逃走，之後跳入路軌後不知所蹤，警方到場之後未有發現。

港鐵發言人表示，今晚6時半粉嶺站職員收到一名乘客通知，指見到另一名乘客在往羅湖方向的一號月台進入路軌。職員之後按動緊急掣，防止列車駛入粉嶺站，並在獲得車務控制中心授權後，進入路軌搜索，然而未有發現。到至晚上7時20分完成搜索，列車服務回復正常。",2018-08-27 00:00:00,http://www.passiontimes.hk/article/08-27-2018/47768
楊潤雄周三訪問珠海中山　探討大灣區教育合作機會,港聞,"教育局局長楊潤雄將於星期三（8月29日）上午離港，前往廣東省珠海及中山訪問。楊潤雄將與珠海市教育局及中山市教育和體育局的官員會面，探討在粵港澳大灣區發展下，兩地與香港在教育方面的合作機會，他在珠海亦會探訪一間學校。楊潤雄將於同日傍晚返港。

（圖片來源：政府新聞處）",2018-08-27 00:00:00,http://www.passiontimes.hk/article/08-27-2018/47763
香港匈牙利工作假期生效　9月1日接受申請,兩岸國際,"香港與匈牙利的雙邊工作假期計劃，將於9月1日開始接受申請。

勞工及福利局局長羅致光歡迎該計劃生效，並相信青年交流將進一步加強香港與匈牙利的雙邊關係。匈牙利駐港總領事Pál Kertész亦表示，非常歡迎工作假期計劃展開。

工作假期簽證可讓香港和匈牙利的年青人在東道經濟體系逗留最多12個月，他們可在此期間從事工作以賺取旅費或報讀短期課程。

自2001年起，香港已先後與紐西蘭、澳洲、愛爾蘭、德國、日本、加拿大、韓國、法國、英國、奥地利、匈牙利、瑞典及荷蘭簽訂工作假期計劃，至今已有約88000名香港青年參與這些計劃。

（圖片來源：Andrés Nieto Porras：CC BY-SA 2.0）",2018-08-27 00:00:00,http://www.passiontimes.hk/article/08-27-2018/47757
「香港願景」倡修改基本法　列明中聯辦地位及職能,港聞,p.p1 {margin: 0.0px 0.0px 0.0px 0.0px; font: 12.0px '.PingFang HK'; color: #454545} p.p2 {margin: 0.0px 0.0px 0.0px 0.0px; font: 12.0px 'Helvetica Neue'; color: #454545; min-height: 14.0px} span.s1 {font: 12.0px 'Helvetica Neue'}立法會前主席曾鈺成所成立的智庫「香港願景」今日（8月26日）舉行發佈會，就一國兩制發表研究報告，建議修改《基本法》，包括列明中聯辦地位、職能和責任，並提出政府應將《基本法》第23條立法和政改諮詢工作同步進行等。「香港願景」發表的研究報告，指一國兩制的發展必然有新挑戰，是30多年前起草基本法時不能預見的。報告建議修改《基本法》，包括加入新條文，列明中聯辦的地位、職能和責任，讓中聯辦名正言順履行職務。報告又建議將行政會議改組為政府內閣，由特首及各司局長組成，政府內閣進行集體決策，認為有助加強施政能力。「香港願景」又指，同時報告亦提出副局長應列為《基本法》內的主要官員，因為副局長有機會署理局長職務，故必須由特首提名並報中央人民政府，由中央任命。報告認為，政府應該一併研究23條立法和政改諮詢工作，開拓更大的協商空間，成立規模較大的委員會推動諮詢，而委員會應由特區政府官方代表、各界持份者，以及與中央有恒常交流的人士組成，例如基本法委員會港方委員和港區人大代表等。（有線新聞截圖）,2018-08-26 00:00:00,http://www.passiontimes.hk/article/08-26-2018/47744
涉售賣扮日本出產黃金桃　3名水果店東及店員被捕,港聞,香港海關8月24日及今日（8月27日）分別在馬鞍山及旺角兩間水果零售商，檢獲共72個懷疑附有虛假產地說明的黃金桃，估計市值共約5000元。海關早前接獲舉報，指有水果零售商出售黃金桃，價錢牌寫上「日本黃金桃」字樣，懷疑其聲稱的產地與事實不符。海關人員進行調查，發現有關水果的零售價格較自日本進口的黃金桃的零售價大幅偏低。海關人員8月24日及今日採取試購行動，分別在馬鞍山及旺角兩間水果零售商鋪檢獲懷疑附有虛假產地說明的黃金桃，並拘捕兩名分別63歲及39歲的男店東以及一名39歲的女店員。（政府新聞處圖片）,2018-08-27 00:00:00,http://www.passiontimes.hk/article/08-27-2018/47762
美國佛州電競比賽槍擊案　疑犯射死兩人後吞槍自殺,兩岸國際,美國佛羅里達州一電競比賽發生槍擊案，一名男子在電競比賽場地開槍，造成3死11傷，包括開槍疑兇。槍擊案於美國佛羅里達州傑克林維爾市（Jacksonville）商場發生，當時賽場正舉行美式足球電子遊戲系列《Madden NFL 19》錦標賽，比賽途中突然傳出多下槍聲，多人受驚逃跑，當時比賽的兩名選手亦隨即放棄手上的比賽逃走。根據當地媒體報道，警方在槍擊案現場發現3人死亡，至少有11人受傷，死者包括開槍的疑兇，疑犯行兇後吞槍自殺。警方指疑兇卡茨（David Katz）來至馬里蘭州巴爾的摩，是一名年24歲白人男子，槍手是單獨行事，曾參與相關電競比賽並落敗。,2018-08-27 00:00:00,http://www.passiontimes.hk/article/08-27-2018/47756
運輸署擬復辦中環至紅磡渡輪　新增啟德中環西九循環線,港聞,運輸署今日（8月27日）邀請有興趣人士，就營運兩條持牌渡輪服務遞交意向書。兩條路線分別為2011年停航的中環往來紅磡；及新增的啟德－紅磡－尖東－中環－西九龍的循環線。中環到紅磡的路線，預計最快明年2月復辦，至於新增的循環線就計劃在明年9月啟航。有興趣的經營者必須在2018年9月27日中午12時或之前，遞交意向書。,2018-08-27 00:00:00,http://www.passiontimes.hk/article/08-27-2018/47759
稱兩名成員遭國安扣留　眾志促港府向中聯辦抗議,港聞,香港眾志今午（8月27日）召開記者會，指兩名成員分別在本年3月和8月，於中國返港期間，在廣州被國安強行帶走及扣留盤問。香港眾志發聲明，強烈譴責此等打壓行為。主席林朗彥稱，兩名成員分別被要求坐在「拷問椅」，以及戴上疑似「測謊機」，兩人被要求寫下眾志成員名單，被扣留約3至5小時後，才獲准離開。香港眾志促請港府，向中國政府及中聯辦抗議，保障在中國的香港市民的人身安全，反對任何形式的威嚇手段，在並無執法基礎下威脅香港市民的人身安全。香港眾志又要求保安局回應及澄清，國安人員在香港進行偵查及問話工作，事前有否向保安局通報。（港台新聞截圖）,2018-08-27 00:00:00,http://www.passiontimes.hk/article/08-27-2018/47761
倡23條立法和政改同步諮詢　曾鈺成冀擴闊商討空間,港聞,"智庫「香港願景計劃」召集人、立法會前主席曾鈺成昨日開記者會，倡議在《基本法》加入新條文，列明中聯辦的職能和角色，並建議同步啟動23條立法和政改諮詢。

曾鈺成今日（8月27日）再上電台推銷，指同步啟動23條立法和政改諮詢，可以擴闊雙方的商討空間。他解釋，北京和民主派在23條和政改問題上有較大分歧，雖然目前未有一位北京官員明言沒有23條立法就不能推行普選，但不少中國官員和學者都指出，香港仍未就23條立法；另一方面民主派則要求先落實政改，之後再制訂23條。曾鈺成表示稍後將會向政府提出有關建議。

曾鈺成續指，不希望一開始便爭拗是否要在「831框架」下推行普選，大家可以先探討在「831框架」下北京的底線，以及能否放寬行政長官參選人的提名門檻等問題。雖然《基本法》22條指明，中央政府所屬各部門不得干預特區事務，但曾鈺成就指，中聯辦為中央派駐香港的機構，不屬於22條所指的「中央政府部門」。

（港台新聞截圖）",2018-08-27 00:00:00,http://www.passiontimes.hk/article/08-27-2018/47758
傳大馬禁向外國人銷售樓盤　碧桂園指報道不實,兩岸國際,據《路透社》傳聞，馬來西亞首相馬哈蒂爾﹙Mahathir Mohamad﹚曾宣布，當地的碧桂園﹙2007﹚「森林城市」項目不准向外國人銷售，並聲稱為阻止外國人入住「森林城市」，因此不會發出簽證給外國人，不過碧桂園發言人已否認相關傳聞有中國媒體報道，上星期碧桂園創辦人楊國強曾與馬哈蒂爾會談約40分鐘，並聲稱不會退出項目，將繼續投資，碧桂園發言人亦稱與馬來西亞政府聯絡後，已核實當局從未表示禁止向外國人銷售「森林城市」項目。「森林城市」為碧桂園屹今最大型的海外投資項目，位於馬來西亞最南端的柔佛州新山市，也是該國第二大城市，鄰近新加坡。起初的計劃，碧桂園將會投資1000億美元，用20年時間建造四個人工島大興土木，島上將設有住宅、學校、商場及商廈等，仿如一座城市。「森林城市」以「新加坡旁」作招徠，主力吸納來自中國的消費者，並號稱業主將石獲發10年馬國簽證，形同投資移民。馬哈蒂爾在競選期間已嚴厲批評項目，因為永久地權落入發展商手上，項目銷售對象又是中國人，擔心大批中國人移民新山後，文化的改變令當地難以管控，重演新加坡分裂的歷史。,2018-08-27 00:00:00,http://www.passiontimes.hk/article/08-27-2018/47760
被欠監督護士學生抽痰後惡化　屯門醫院61歲病人不治,港聞,"屯門醫院發言人今日（8月27日）就一宗有關病人臨時氣管造口的醫療事件，一名61歲病人，被一名無護士監督的實習護理系學生抽痰後情況惡化，最終不治。

事件發生於今年8月4日，一名於外科病房實習的護理系學生，在獲悉一名頸部設有臨時氣管造口的61歲男病人因痰涎感到不適後，嘗試用抽痰導管為病人抽取痰涎，惟未能成功，期間病人嘔出少量帶血嘔吐物。護理系學生隨即通知病房內當值的護士，由護士接手抽取痰涎，而其他當值護士亦到場協助，但病人情況持續惡化，接駁氣管造口的喉管亦出現移位。

兩名在該病房當值的醫生亦於短時間內趕至為病人急救及保持氣道暢通，期間病人心臟一度停頓。醫生隨即為病人進行心肺復甦搶救，病人在大約30分鐘後恢復心跳及呼吸，並轉往深切治療科病房接受治療及緊密監察。惟病人情況持續惡化，於上周六（8月25日）離世。

院方在知悉事件後，已於8月7日就病人留院期間有護理系學生抽取痰涎、其後突然出現呼吸困難和急救程序展開初部調查。按照醫院管理局指引，護理系學生為病人抽取痰涎時，需有護士在場監督及指導。

院方在事發期間及其後一直保持與病人家屬溝通及解釋，並已就院方沒有嚴格按照指引，安排護士在場監督護理系學生進行抽取痰涎程序致歉。對於病人離世，院方向家屬致以深切慰問，並已安排病人聯絡主任及臨床心理學家為家屬提供協助，有關個案會轉介死因裁判官跟進。

院方已向醫院管理局總辦事處報告事件及會就事件展開詳細調查，並已再次提醒所有病房管理人員必須嚴格按照指引，在適當監督及指導下，才可容許學護或護理系學生進行特別病人護理程序。",2018-08-27 00:00:00,http://www.passiontimes.hk/article/08-27-2018/47764
羅致光倡以一般稅收　分擔延長產假開支,港聞,"勞工及福利局局長羅致光在最新的網誌表示，香港的法定產假比世界其他地方落後，83%非洲國家的法定產假都較香港的為佳，反對延長法定產假的人士，是否可以以此為傲。

羅致光表示，檢討產假的重點之一，是循國際勞工組織建議最少14星期的方向探討，而最近的討論焦點之一，是由誰來「付鈔」的問題，特別是政府應否就此有角色。他指最常見的是透過勞工保險，供款方可以是僱主和僱員，其次是政府透過一般稅收來支付，再其次是由個別僱主承擔，當然亦有上述三個方法的混合版。

然而，他指社會勞工保險的方法要套用於香港便十分困難及複雜，因為這些社會保險都直接或間接與稅制系統掛勾，而這些地方的稅制大都是「隨收即付」（pay as you go），即是出糧時，僱主已代政府扣起部分薪酬作為稅款及相關勞工保險的費用，對香港來說，這是一個天翻地覆的制度改變，故羅致光認為，要參考新加坡的做法，即是由政府透過一般稅收，分擔部分產假的薪酬開支。",2018-08-26 00:00:00,http://www.passiontimes.hk/article/08-26-2018/47733
美國共和黨資深參議員麥凱恩逝世　終年81歲,兩岸國際,"美國共和黨資深參議員麥凱恩（John McCain）病逝，終年81歲。

麥凱恩的辦公室發聲明，指麥凱恩於當地時間周六下午4時28分逝世，當時妻子及家人在旁陪伴。

麥凱恩於去年證實患上腦癌，他的家人上周五曾發聲明，指因病情惡化及年事已高，麥凱恩決定放棄治療。

麥凱恩曾為海軍機師，越戰期間曾被俘虜，他在1983年踏足政壇，之後成為眾議員及參議員。他曾兩次問鼎總統寶座，惟在2000年於共和黨初選中不敵喬治布珠，到2008年終獲共和黨提名出戰總統選舉，惟最終負於民主黨的奧巴馬。

一向與麥凱恩不咬弦的總統特朗普在社交網站發帖，向麥凱恩的家人致以深切慰問。

（圖片來源：EPP in the USA｜CC BY SA 2.0）",2018-08-26 00:00:00,http://www.passiontimes.hk/article/08-26-2018/47732
張建宗：不能以短視目光看高鐵營運,港聞,"高鐵香港段將於下月23日通車，惟預測平均每日載客量，由之前的11萬減至現時的8萬，內部經濟回報率亦由2009年估算的6%，跌至最新只有2%。政務司司長張建宗今日（8月26日）出席公開場合時，被問到如何確保高鐵財政穩健時，他指從任何角度看，高鐵對推動香港長遠經濟、民生、社會發展皆是重要，所以不能單單以短視的目光，去看高鐵的營運。

張建宗力撐高鐵西九龍站是一個世紀工程，亦是個很好的景點，不一要坐高鐵才值得去，建築方面都值得大家去參觀。

張建宗又指現時的推算是較現實，確保營運是暢順，能夠在收支方面可以平衡，他指運房局局長陳帆之前已很清楚說明，高鐵是封了「蝕本門」。

至於登革熱問題，張建宗稱長洲的滅蚊工作，不限於確診患者的住所附近，一般來說是在患者住所的500米範圍，明日會擴展到人煙稠密的民居地方，滅蚊工作亦會張擴展到整個長洲。

（政府新聞處片段截圖）",2018-08-26 00:00:00,http://www.passiontimes.hk/article/08-26-2018/47734
免費廢塑膠回收服務計劃年底招標　政府明年逐步推行,港聞,"政務司司長張建宗在最新網誌表示，為展示政府回收廢塑膠的決心，及提升公眾對整體回收及減廢措施的信心，現計劃推行免費廢塑膠回收服務先導計劃，以3個不同地區作試點，推行為期兩年，預計今年底進行招標，2019年內逐步推行。

回收服務主要覆蓋各區公私營住宅、學校、公營機構及環保署轄下的社區回收中心和「綠在區區」等。環保署將以服務合約形式，聘請承辦商直接從上述處所收集廢塑膠，並作進一步處理，包括分揀、破碎、清洗及熱熔等相應的循環再造工序，製成再生原材料或再造產品，轉售出口或供應至本地市場，以確保回收後的廢塑膠得到妥善處理。

張建宗表示，自己是支持「走塑」的一份子，經常提醒自己、家人和同事減少使用即棄塑膠餐具，還有自備購物袋。他又提到，自2018年1月起，中國開始禁止生活來源廢塑膠進口，本地回收業界一直沿用的廢塑膠回收作業模式（即收集、打扎和出口）已不可持續。

（圖片來源：張建宗網誌）",2018-08-26 00:00:00,http://www.passiontimes.hk/article/08-26-2018/47736
再有女乘客遭司機姦殺　滴滴順風車全國下線兩高層免職,兩岸國際,"中國最大電召車平台「滴滴出行」，再有乘客不幸遭姦殺，滴滴今日（8月26日）發公告，指在8月27日零時起，在全國範圍內下線順風車業務。

姦殺案發生於8月24日，溫州樂清一名20歲姓趙的女子，乘坐滴滴順風車遭姦殺，翌日警方拘捕一名姓鍾的疑犯，鍾承認強姦趙之後，用匕首刺其頸部。法醫初步鑑定，女子死因為右頸部動脈斷裂，急性大出血致死。

滴滴今日就事件發聲明，向受害者家屬表示最沉痛的歉意，並指在8月27日零時起，在全國範圍內下線順風車業務，內部重新評估業務模式及產品邏輯，並免去兩名高層職務，包括順風車事業部總經理黃潔莉的，以及客服副總裁職務黃金紅。

聲明指順風車上線的三年多時間裏，有幸服務了十多億次出行，惟很抱歉順風車不得不暫時下線，因為他們的問題讓公眾失望。公司又計劃邀請公眾及相關專家，到平台監督。

今年5月，一名21歲空姐於鄭州登上一架「滴滴出行」網約車後失蹤，最後被發現遭姦殺。",2018-08-26 00:00:00,http://www.passiontimes.hk/article/08-26-2018/47740
排隊買劉德華演唱會飛遇襲　持雙程證男子手耳中刀,港聞,"劉德華演唱會2018將於年底舉行，門票將於下月4日開售，其中一個城市售票網售票處柴灣道青年廣場，已經有人開始排隊，惟今晨（8月26日）該處疑有人因為排隊問題發生爭執，一名58歲持雙程證的中國男子遇襲。

事發於今晨4時許，有保安報案指有排隊人士發生爭執及打鬥，其中一名男子左手及左耳中刀受傷，送院時清醒，至於兩名施襲者則逃去無蹤。

據了解，當時該名中國男子在排隊處睡覺期間，被兩名男子拍醒，並要求他離開，未幾雙方發生爭執，之後就有人亮刀施襲，現場留下血跡。

警方現正追緝兩名年齡介乎20至30歲男子，身高約1.66米，案發時其中一人手持一把約1呎長的刀。案件列作傷人案，由東區警區刑事調查隊跟進，暫時未有人被捕。

（有線新聞截圖）",2018-08-26 00:00:00,http://www.passiontimes.hk/article/08-26-2018/47735
櫻木茶的驚慄短篇：04 - 獵奇飲食指南,熱血公投,"「正中紅心，Yes！」

穿著一身軍服，利用一把已改裝的氣槍，剛把一隻野狗擊倒在地的亞坤，興奮地叫道。

自少已凶殘成性，對動物沒有一丁點尊重的他，正和他的朋友志良，志明和小光，正一起在這個人煙稀少的郊外地方，進行他們每月一次的「遊戲」。他們現正進行的狩獵活動，只是這個遊戲的「前賽」。

而在一小時後，遊戲的主菜，即將開始。

這一次的狩獵活動裡，他們捕獲了一共六隻流浪狗。那六隻可憐的流浪狗，全被關進籠裡。他們便把籠子全搬上車後，便開車把牠們運送到附近的一間村屋去。到達後，身為廚師的小光，便把當中最幼嫩的一隻，拿到隔壁的另一間村屋，去預備他們這天的「佳餚」。其餘的五隻，接著便被注射了興奮劑。

「只得寥寥的五隻，不到十分鐘便會還『玩完』了吧！」志明在嘀咕地道。

「有甚麼不好！」志明的哥哥志良，興奮地說道：「玩完了，便可以『加餸』吧，劇烈運動過後的肉，美味無比啊！」

「時間差不多了，小光已預備好，快把牠們趕進去屋裡！」亞坤說罷，便跟志良志明一起，把五隻雙眼已通紅的流浪狗，全數趕進屋內。

接著，他們便火速進入另一間村屋去。這時候，小光已預備好火鍋的湯底和配菜。他們一行四人，一邊坐下進食，一邊看著投影機播放出來的節目。

「咬，咬！咬碎牠的骨頭！哎呀！」亞坤一邊吃著熟得剛剛好的肉塊，一邊向著投影機的螢幕大叫。

正在播放的，並不是甚麼電影或紀錄片，而是從隔鄰屋內不同的角度，直播著五隻流浪狗在互相廝殺的情況。他們將這間屋命名為「陷阱屋」，因為屋內佈滿著各種各樣的器材，例如捕獸器、玻璃碎、腐蝕性液體和利用尖刀製成的陷阱。

而他們用作火鍋的食材，正是剛才那隻幼嫩的流浪狗。

正如志明所說，不到十分鐘後，五隻流浪狗已停止了廝殺，全數慘死於屋內。有的，是被咬死並分屍；有的，是不幸被屋內的陷阱所傷流血不止而死。

小光確定了狀況後，便站起身來，拿起一把刀和一個盤，走到隔鄰的屋內。這小光當真全無人性可言，即使甫屋內，已聞到極重的血腥味，而且滿地均是肉屑殘骸和骨頭，但他還是可以冷靜地進行他的「任務」— 以廚師的身份，找尋當中還可食用的「食材」，去為他們的火鍋「加料」。

兩小時後，飽頓一餐的他們，便把東西執拾好，包括把隔鄰村屋內的動物殘肢丟掉，與及將血跡清理好後，便滿足地駕車離開，回到市區去了。

兩年前，他們在一個群組裡認識對方，成為志趣相投的好朋友。平日的他們，與一般的人無異，並是社會上的「高薪一族」。但每逢週末，他們便會走在一起，進行各種「獵奇式」的活動。

除了獵殺動物外，他們還喜歡以極為殘忍的方式，去享受以野生動物作為食材的「佳餚」。

他們會仿效在書本裡和在網上找到的方法，以最泯滅人性、最殘忍的方式，去虐殺動物，然後進食。

他們曾找來一些田雞，放進一盤水裡，先把牠們冰封後，再把冰作鑿碎拿出，一部份生吃，一部份再煮熟進食。他們亦試過把鴿子固定在針板上，以漏斗將滾油硬生生地灌進體內，然後吃掉炸熟的內臟。有一次，他們把雞放在微波爐裡「叮」熟，然後再把熟透的雞「放血」，喝掉熱燙燙的「雞血湯」。

最殘忍的一次，是他們仿效了電影「黑獄斷腸歌」的結局情節，把一隻活生生的小野豬，放進一大煲滾的白粥內，弄來了一煲「生滾豬紅豬骨粥」。

總括來說，這班人，絕對是一班違反天理的人渣。他們還會拍下許多的照片和影片，並笑說會籌劃出版一本「獵奇飲食指南」，把他們珍貴的經驗，公諸同好。

雖然作惡多端，但他們行事小心，以避開所有的法律制裁。實在，除了天譴外，真的看不到有誰可「收拾」他們。

然而，當天譴真的到來時，誰也沒有辦法，作出阻止。

這一天，他們再次到郊外去，進行他們每月一次的「遊戲」。不知是否因為天氣太過陰沉的關係，今天的狩獵收穫強差人意。在狩獵了近兩個小時後，只能勉強捕獲一隻小兔子。

就在他們感到萬分沮喪的時候，小光竟看到不遠處，出現了一隻野豬！他們馬上用氣槍向牠作出攻擊。但不知道是否因為牠皮肉太厚的關係，在連射了數十槍後，竟也傷不了牠的分毫。而詭異的，是這隻野豬竟沒有逃走的打算，只一直停留在原地，像在期待下一波攻擊似的。

「去你的，竟敢看不起我們！讓我用我的『寶貝』收拾你吧！」

亞坤說罷，便從背包裡拿出一另一把槍。這並不是一把普通的氣槍，而是一把真槍！

亞坤把一些麻醉子彈上膛後，「砰砰砰」的響起數槍。他的槍法非常好，麻醉子彈全數擊中，野豬應聲倒地。他們歡呼一聲後，便一起上前去，把這隻異常沉重的野豬拖走。

他們費盡了九牛二虎之力，才能把這隻野豬搬上車，把牠運送到他們的村屋去。商討過後，他們決定了要用烤的方法，去享用這隻看來非常美味的野豬。

在進食前，亞坤還是希望進行他最喜歡的遊戲，把野豬和兔子困進「陷阱屋」內，進行第二部份的虐殺遊戲。

雖然其餘三人極力反對，認為在「強弱懸殊」的情況下，這根本是多次一舉。不過，亞坤還是決定一意孤行，並逕自的嘗試為野豬注射興奮劑。

但就在他左右手各拿著一支興奮劑注射液，預備為野豬進行注射時，籠裡的野豬，竟突然醒來，並猛烈地開始掙扎。瞬間，牠已撞毀了本應非常牢固的鎖，並從籠中逃脫，迅速奔離村屋的範圍。

因與野豬距離極近而被嚇了一跳的亞坤，向後跌撞，意外的把興奮劑刺中了志明和小光！一會後，他倆便慘叫了一聲，接著發了瘋似的，向亞坤和志良襲擊。

正當他們四人正在展開追逐戰的同時，那隻本應已逃走了的野豬，竟回來村屋外的空地位置，並把反應不及的小光撞倒。

小光跌倒的位置，剛好是已生火的燒烤爐。他的頭撞向燒烤爐去，臉部隨即被燒烤網黏著。烈火燒得熊熊的，不一會，小光的臉便被烤熟。他抽搐了一回後，便停止了掙扎，附近只留下一陣有少許焦味的肉香。

野豬在撞倒小光後，便轉向其餘三人追逐。他們三人在逃命的時候，竟被野豬迫進了「陷阱屋」內。志明甫進屋內，便被捕獸器夾住左腳。他慘叫了一聲後，便剛好跌在一個裝有利刀的陷阱上。他的身體和頭部均被插穿，死狀非常恐怖。

看到志明慘死後，志良便拿了一瓶腐蝕性液體，打算潑向野豬。誰知野豬向他一撞後，他便失足跌在地上。那瓶腐蝕性液體的瓶口，竟不偏不倚地插在他進他的口。咕嘟咕嘟的，他把腐蝕性液體一滴不漏的，全喝進肚去。

這個志明，連一聲也哼不了地死去。

最冷靜的亞坤，看準機會後，便立即衝出屋外，然後拔足狂奔。

但他只走了一段短距離，便跌進了一個洞裡。

泡製這個洞的，不是別人，正是亞坤他自己。

這是他之前為了捕捉野生動物而設置的一個陷阱。

洞內滿佈尖刺、玻璃碎和動物骸骨。亞坤被尖刺插滿全身，但他並沒有馬上死去。反而在留彌之間，眼前出現一幕奇異的畫面。

他看到的，全是他人生中殘殺過的動物。

這些動物，正身處在一處只有白光的地方，不停地向他招手。

當中一隻長有仿若人類手臂的小野豬，伸出手來，抓住亞坤的腳。

牠一邊拉著亞坤往那班動物的方向去，一邊竟說起話來：

「感謝媽媽，替我成功報仇！」小野豬說道：「來吧，我們已等了你很久啊！」

說罷，現實中的亞坤，便滿臉惶恐地死去。

完成了「使命」的那隻野豬，滿有靈性地拯救了那隻被困的小兔後，便與牠一起離去，回到屬於牠們的地方去了。",2018-08-26 00:00:00,http://www.passiontimes.hk/article/08-26-2018/47731
民主黨區議員區鎮樺違泊收牛肉乾　fb聲討抄牌警無禮反被洗版炮轟,港聞,"民主黨大埔區議員區鎮樺昨日（8月25日）在個人 Facebook 專頁貼文，分享自己收牛肉乾的遭遇，更直指當時執勤的警察無禮貌，然而卻引來不少網民留言，認為區鎮樺涉違泊卻聲大夾惡。

區鎮樺表示：「今晚（8月24日）在沙田碩門邨入信箱後，比我預（遇）到個好無禮貌嘅所謂 #高級警員46173。警察執行職務時，係應該要向市民禮貌對話，唔係你警察就大晒無理呼喝。」他指當晚將車泊在碩門邨旁安明街避車處，落完貨後去取車，指自己「一句說話都未講，就遇到唔識乜嘢叫禮貌嘅警察」。

區鎮樺指當時警察向他表示：「喂~走啦，禁區嚟架，仲唔走！」他們聽完後未有回應，之後去開車尾收手推車，惟該名警員就再指「喂~走呀！」，他們解釋是剛剛完成工作，但警員就去車頭抄牌。

區鎮樺聲稱當時並無阻塞道路或任何車輛，亦對被抄牌無爭議，但卻直指警員「手法就一定有問題」，又認為警方選擇性執法，得到的回覆是「警察做嘢唔洗你教」。之後他們就報警投訴該警員，要求上司到場，一名警長到場了解後，表示該警員覺得他們無悔意，所以抄牌。區鎮樺就預告，會再明日起由下而上，逐級逐級致電警員上司投訴。

此貼文見街後已經逾一日，竟吸引了超過2千個留言，當中不乏撐警言論，批評區鎮樺爭取特權，認為他「違法仲大條道理」。今晚在沙田碩門邨入信箱後，比我預到個好無禮貌嘅所謂...
Posted by 區鎮樺 Au Chun Wah Ray-Joshua on Friday, 24 August 2018",2018-08-26 00:00:00,http://www.passiontimes.hk/article/08-26-2018/47738
西貢吊鐘洲有帆船翻側　墮海乘客全數獲救,港聞,"西貢吊鐘洲今午（8月26日）發生翻船意外，全數乘客獲救。

事發於今午4時許，一艘帆船在吊鐘洲翻側，消息指船上5人全部墮海。

水警和消防員趕往現場拯救，將所有墮海人士救起。",2018-08-26 00:00:00,http://www.passiontimes.hk/article/08-26-2018/47739
涉餓死女嬰　20歲母親被控虐兒獲准保釋,港聞,"落馬洲一對新手父母疑因嗌交後各自離家，致一名3個月大的女嬰被獨留家中一段時間，日前女嬰被發現餓死於家中。20歲的女嬰母親被控虐兒，案件今日（8月25日）在沙田裁判法院提堂，裁判官將案押後到下月7日於粉嶺裁判法院審理，被告獲准保釋。

控方表示，由於被告的丈夫仍然在逃，要檢閱被告與丈夫的手機通訊內容，故反對被告保釋。辯方就指被告要處理女嬰身後事，潛逃機會低，最終被告准以1萬元保釋，不可接觸在逃的丈夫，以及不准離港。

控罪指，20歲女被告盧殷童於本月21至23日期間，在落馬洲東鎮圍的家中故意導致或促使女嬰受虐待或忽略，令女嬰受不必要健康傷害。",2018-08-25 00:00:00,http://www.passiontimes.hk/article/08-25-2018/47718
哈爾濱溫泉酒店大火　釀19人死亡,兩岸國際,"黑龍江哈爾濱有溫泉酒店大火，釀成19人死亡，起火原因正在調查。

據中國媒體報道，火警於今晨（8月25日）約4時半發生，哈爾濱市松北區太陽島北龍溫泉休閒酒店2樓廚房先起火。消防抵達現場之後，於早上7時50分將火警完全撲滅。

報道指，應急管理部已派出工作組赴黑龍江指導救援、火災調查和善後處置工作。

（央視片段截圖）",2018-08-25 00:00:00,http://www.passiontimes.hk/article/08-25-2018/47720
空氣質素欠佳　12個監測站錄「10+」嚴重水平,港聞,"今日（8月25日）香港空氣質素持續惡劣，截至下午4時，香港16個一般監測站及路邊監測站，有12個錄得爆燈的空氣質素健康指數，達到「10+」嚴重水平。

更新：下午5時，除東涌及大埔外，有14個監測站均錄得空氣污染指數達「10+」的嚴重水平。

（環保署網頁截圖）

相關新聞：
本港空氣質素連續兩日欠佳　環保署：受背景污染較高氣團影響
http://www.passiontimes.hk/article/08-25-2018/47717",2018-08-25 00:00:00,http://www.passiontimes.hk/article/08-25-2018/47722
被指無協助解決北韓核問題　中國外交部向美方提嚴正交涉,兩岸國際,"美國總統特朗普周五在個人社交網站表示，國務卿蓬佩奧將取消下星期訪北韓的行程，他指由於美方對華的貿易立場非常強硬，故不相信中方將一如以往，在朝鮮半島無核化進程上提供協助。中國外交部今日（8月25日）回應特朗普的言論，指美方的說法違背基本事實，不負責任，對此嚴重關切，並已向美方提出嚴正交涉。

中國外交部發言人陸慷表示，中方在朝鮮半島核問題上的立場是一貫和明確，堅持實現朝鮮半島無核化，堅持維護朝鮮半島和平穩定，堅持通過對話協商解決問題。陸慷強調，中方為推動半島核問題的妥善解決作出了不懈努力，發揮了重要、建設性作用，中方一直全面嚴格執行安理會涉朝決議，認為國際社會對這一切是有目共睹的。

陸慷續指，中方支持美朝雙方按照兩國領導人於新加坡會晤共識，積極推進政治解決半島問題進程。他指現在的問題是，有關各方應當堅持政治解決的方向，積極接觸、商談，照顧彼此合理關切，展示更多誠意和靈活性，而不是反復無常，諉過於人，這樣才能確保政治解決半島問題進程不斷取得進展。

中方重申，將繼續與有關各方保持密切溝通，為實現半島無核化目標和東北亞長治久安發揮積極作用。

相關報道：
特朗普指無核化進展未如理想　蓬佩奧將取消訪北韓",2018-08-25 00:00:00,http://www.passiontimes.hk/article/08-25-2018/47725
李家超率120人紀律部隊交流團　上京了解對口單位及當地文化,港聞,"保安局局長李家超明日（8月26日）將率領由五個紀律部隊組成的香港紀律部隊文化交流團，前赴北京交流。

交流團由保安局局長及五個紀律部隊首長率領，團員包括懲教署、香港海關、消防處、入境事務處和警務處的代表，合共約120人。

新聞稿指，交流團的目的是透過參觀考察，使香港紀律部隊人員能夠認識中國的最新發展，並了解中國對口單位及當地的文化，以及作業務交流，進一步加強彼此相互合作。交流團將於8月29日至9月1日轉往杭州及上海兩地各訪問兩日。

李家超在北京期間會與國務院港澳事務辦公室、公安部、海關總署，以及交通運輸部及其轄下的救助打撈局官員會面及交流，李家超將於8月28日回港。

（政府新聞處圖片）",2018-08-25 00:00:00,http://www.passiontimes.hk/article/08-25-2018/47721
新增兩宗本地登革熱個案　兩名患者都去過長洲,港聞,"本港今日（8月25日）再新增兩宗本地登革熱個案，兩名患者都曾經去過長洲。

首宗個案患者為一名39歲女子，居於長洲西灣路，於8月17日發病，潛伏期內沒有外遊記錄，目前情況穩定。

第二宗個案患者為一名40歲男子，居於旺角富榮花園，於8月19日發病，潛伏期曾到訪長洲及深圳，目前情況穩定。

今年本港已錄得26宗本地登革熱個案，如未計本地個案，截至昨日（8月24日），今年錄得共61宗外地傳入個案，主要從泰國（26宗）、菲律賓（12宗）及柬埔寨（7宗）傳入。",2018-08-25 00:00:00,http://www.passiontimes.hk/article/08-25-2018/47726
陳帆指50年內高鐵財務收益正面　不會有政府補貼或轉嫁情況,港聞,"高鐵香港段將於下月23日正式營運，運輸及房屋局局長陳帆今早（8月25日）出席電台節目宣傳，他見記者時指，估算在50年的營運周期內，高鐵整體的財務收益都是正面，所以不會有政府補貼或轉嫁的情況出現。

政府將通車初期的預測乘客量，由每日近11萬人調低至8萬人，而內部經濟回報率亦由2009年估算的6%，跌至最新只有2%，被問到如做不到上座率，會否出現政府補貼的可能時，陳帆指基礎建設一般會考慮內部的經濟回報率，而整個項目已投放的資金是800多億元，但乘客在使用高鐵時所節省時間的金錢值接近900億元，故認為支出和經濟回報基本上是均等。

陳帆又稱要考慮間接的經濟回報，包括旅遊業、零售、餐飲以至其他專業服務都需要考慮在內，他指在50年的營運周期內，所有維護以至資產更新，都已經計算在內。

高鐵西九龍總站將於下周六及日舉行開放日，港鐵今早派發2萬張入場券，結果兩小時內就派完。

（有線新聞截圖）",2018-08-25 00:00:00,http://www.passiontimes.hk/article/08-25-2018/47719
本港空氣質素連續兩日欠佳　環保署：受背景污染較高氣團影響,港聞,"環保署連續兩日錄得較正常為高的空氣污染水平，在今日（8月25日）下午1時，除觀塘之外，全港其餘15個一般監測站及路邊監察站的空氣質素健康指數錄得8或以上，相對的健康風險級別達到「甚高」水平。

本港今日部分時間有陽光，能見度較低，吹微風。自今晨起本港地區錄得較正常為高的二氧化氮和臭氧水平。本港受背景污染較高的氣團影響，而微弱的風勢亦不利污染物擴散。日間的陽光有利光化煙霧現象，令臭氧及微細懸浮粒子在珠江三角洲區域內迅速形成。特別在巿區部分地區及路邊，較高的臭氧水平亦會加速二氧化氮的形成。預料今日稍後時間，部分一般及路邊空氣監測站的空氣質素健康指數可能達至「嚴重」水平。

根據香港天文台預測，明天仍然吹微風。環保署預料在下周初風勢增強之前，本港的空氣污染仍會維持在較高的水平。

（圖片來源：香港天文台）",2018-08-25 00:00:00,http://www.passiontimes.hk/article/08-25-2018/47717
荒廢KFC藏販毒地道　貫通美國墨西哥,兩岸國際,"當美國總統特朗普經常指要在邊境興建圍牆，阻止來自墨西哥的偷渡客之際，冷不防已經有運毒地道橫跨兩國。

美國警方於上星期在亞利桑那州拘捕一名來墨西哥的毒販，檢獲逾100公斤的毒品，黑市價值100萬美元。警方之後搜查該毒販的物業時，於一座前身為KFC炸雞店的荒廢建築物中，發現一條通往墨西哥的秘道。

該條秘道長180米、深約6.7米、0.9米闊、1.5米高，由亞利桑那州的聖路易斯，直通墨西哥的聖路易斯—里奧科羅拉多，入口的直徑僅有20厘米。

警方未肯定該隧道運作了多少時間，不過該毒販於今年4月購入該廢棄炸雞店。",2018-08-25 00:00:00,http://www.passiontimes.hk/article/08-25-2018/47716
未跑馬先跑人　田泰安潘明輝組合騎師競跑封王,體育,"新一年度馬季將於下周日開鑼，沙田馬場今日（8月25日）舉行季前嘉年華，全日的焦點就是一年一度的騎師接力競跑大賽，潘明輝與田泰安的組合大熱勝出，田泰安更是三連冠。

賽事以二人接力形式舉行，路程為草地100米，頭一棒跑40米，第二棒跑60米。一開閘，梁家俊「一馬當先」，初來報到的南非騎師利敬國負責第二捧，在終點前一刻，「馬場保特」田泰安後上如箭，利敬國決定壓線，結果「人仰馬翻」，被田泰安後上趕過。

雖然利敬國仆倒之後仍然憑餘勁跣過終點，但由於當作接力捧的馬匹毛公仔甩手，結果被賽會DQ，由見習學員周俊樂及見習騎師巫顯東的組合升上第二。


冠軍：潘明輝、田泰安
亞軍：周俊樂、巫顯東
季軍：黃皓楠、潘頓【季前嘉年華】騎師競跑大賽
【季前嘉年華】全日焦點，騎師競跑大賽開始！你估邊隊會勝出呢? 按「讚 」為他們打打氣啦！ #ShatinRacecourse #開鑼
Posted by HKJC Racing on Saturday, 25 August 2018",2018-08-25 00:00:00,http://www.passiontimes.hk/article/08-25-2018/47723
再增一宗本地登革熱個案　患者為長洲居民,港聞,"本港再新增一宗本地登革熱個案，患者為一名長洲居民，今年累積個案增至24宗。

患者為一名66歲男子，居於長洲龍仔村，未有外遊記錄，在8月18日起發病，8月18日及23日到長洲醫院求醫，8月23日入住東區尤德夫人那打素醫院，目前情況穩定。

另外，在8月18日至24日期間，本港錄得一宗外地傳入基孔肯雅熱確診個案，病人於潛伏期內曾到菲律賓。截至昨日，今年至今共錄得一宗基孔肯雅熱確診個案。",2018-08-24 00:00:00,http://www.passiontimes.hk/article/08-24-2018/47705
港隊亞運第二金　跳馬王子石偉雄成功衞冕,體育,p.p1 {margin: 0.0px 0.0px 0.0px 0.0px; font: 12.0px '.PingFang HK'; color: #454545} p.p2 {margin: 0.0px 0.0px 0.0px 0.0px; font: 12.0px 'Helvetica Neue'; color: #454545; min-height: 14.0px} span.s1 {font: 12.0px 'Helvetica Neue'}港隊體操選手石偉雄今日（8月24日）在雅加達亞運成功衛冕亞運男子跳馬金牌，並為港隊奪得本屆亞運第二金。石偉雄日前在資格賽取得14.425分首名晉級，與師弟詹文軒雙雙闖入決賽。他今日先後以「前手前空翻兩周轉體180」、及「笠松轉體990」動作成兩跳，最終以14.612分，力壓南韓和印尼的選手，成功取得金牌。但詹文軒兩跳都在落地時出現失誤，結果兩跳合共只得6.5分，排包尾完成賽事。（圖片來源：民政事務局）,2018-08-24 00:00:00,http://www.passiontimes.hk/article/08-24-2018/47704
假結婚集團三骨幹欺詐罪成　還柙至9月初判刑,港聞,三名懷疑為跨境假結婚集團骨幹成員，被控九項串謀欺詐罪，三名被告今日在區域法院認罪，還柙至9月7日判刑。案情指兩男一女的三名被告，安排港人與中國人通過假結婚，令涉案的中國人取得「探親」簽注而獲批准來港與配偶團聚。有關集團已安排超過60宗假結婚，涉及款項500萬元人民幣。入境處在同案中拘捕86名本港和中國人，其中23人已被裁定串謀欺詐成立，其中9人被判囚11個月至18個月。,2018-08-24 00:00:00,http://www.passiontimes.hk/article/08-24-2018/47702
女泳手遭中國沈鐸出腳報復　南韓向亞奧理事會投訴,體育,"據《韓聯社》報道，因有參加印尼雅加達亞運會的南韓泳手，於訓練時遭中國選手毆打，南韓亞運代表團決定正式向亞洲奧林匹克理事會提出抗議。據了解，向南韓泳手施襲的是21歲中國女泳手沈鐸（圖）。

南韓亞運代表團團長金晟祚今日（8月24日）在雅加達舉行記者會，指昨日接到相關報告，韓方經討論決定向亞奧理事會提出抗議，計劃今天之內遞交抗議書。他強調體育運動不該有暴力行為，即使中國選手就此事道歉，也應接受調查，受到相應處罰。

據南韓亞運代表團透露，南韓游泳選手金海津昨日在訓練中，與中國選手碰撞後發生爭吵，在過程中金被中國選手毆打。

據大韓體育會透露，金海津和中國選手在同一條泳道訓練時，金海津的腳接觸到中國選手的胸部，之後中國選手追上金海津拽其腳腕，在水中朝金的腹部踢了兩腳。隨後，韓中兩國教練團勸阻兩人，中方教練團當場向韓方道歉，回到運動員村後再度致歉。

（網上片段截圖）",2018-08-24 00:00:00,http://www.passiontimes.hk/article/08-24-2018/47711
港珠澳大橋收費標準公布　私家車每程150元人民幣,港聞,"港珠澳大橋管理局公布，經廣東省人民政府批覆同意，港珠澳大橋主橋收費站車輛通行費收費標準已經確定，私家車及的士收費為150元人民幣，過境巴士為200元人民幣，穿梭巴士則為300元人民幣，貨櫃車就收115元人民幣，普通貨車收費最低，每程60元人民幣。

運輸署發言人指出，大橋主橋位於中國水域，而收費站亦位於中國範圍。根據屬地原則（即以屬地法律處理各項事務）及《港珠澳大橋建設、運營、維護和管理三地政府協議》，負責營運大橋主橋的大橋管理局，會按中國法律對使用大橋主橋的車輛收取通行費。

收費標準經三地政府討論，並已按中國法律及程序（包括進行有三地代表參與的收費標準聽證會）進行審批。",2018-08-24 00:00:00,http://www.passiontimes.hk/article/08-24-2018/47706
1823回應傳媒報道　 稱已按程序回覆危險樹木投訴,港聞,p.p1 {margin: 0.0px 0.0px 0.0px 0.0px; font: 12.0px '.PingFang HK'; color: #454545} p.p2 {margin: 0.0px 0.0px 0.0px 0.0px; font: 12.0px 'Helvetica Neue'; color: #454545; min-height: 14.0px} span.s1 {font: 12.0px 'Helvetica Neue'} span.s2 {font: 12.0px 'Helvetica Neue'; color: #e4af0a}順利邨本周二發生塌樹枝擊斃印傭意外，有報道指一名市民曾在去年透過政府熱線1823求助，反映現場一帶樹木有潛在危險，該名市民並批評熱線未有盡責回應市民投訴，又指1823系統未與時並進。政府今日（8月24日）晚上發聲明回應，指1823已按既定程序轉交相關部門跟進，並適時回覆投訴人。政府效率促進辦公室發言人回應指，市民向1823查詢/投訴時，渠道包括電郵（tellme@1823.gov.hk）、網上表格（www.1823.gov.hk）或1823手機應用程式《Tell me@1823》。一般以手機拍攝的相片均可經由這些渠道傳送1823。單在過去兩個月，巿民向1823提交的相片／短片附件已超過43 000個。就報道中提及的個案，1823已按既定程序轉交相關部門跟進，並適時回覆投訴人。辦公室發言人表示，1823正積極提升服務質素，計劃包括不時改善及更新1823系統及推行智能聊天機器人服務，期望以創新科技為巿民提供更佳服務。,2018-08-24 00:00:00,http://www.passiontimes.hk/article/08-24-2018/47709
獲保安局再延長申述期多一周　香港民族黨最遲9月11日前回覆,港聞,警方早前建議保安局局長李家超，引用《社團條例》禁止香港民族黨運作，保安局最初給予民族黨21日時間回覆，不過之後將申述期延至9月4日，惟該黨召集人陳浩天於本月中表示，已去信當局要求再延長期限，而保安局決定將申述期再延長多一星期。保安局今晚（8月24日）發聲明，指香港民族黨發言人的代表律師早前致函保安局，要求延長該黨根據《社團條例》第8（3）條作出書面申述的期限。保安局局長經考慮後，決定將申述期延長。香港民族黨可於9月11日或之前向保安局局長作出申述，保安局已把有關決定通知香港民族黨。,2018-08-24 00:00:00,http://www.passiontimes.hk/article/08-24-2018/47708
梁振英入稟高等法院　控鍾劍華及立場新聞誹謗,港聞,前特首梁振英今日表示，已委派律師入稟高等法院，控告理大應用社會科學系助理教授鍾劍華及網媒《立場新聞》誹謗。梁指鍾劍華一篇在《立場新聞》發表的文章，對他作出了失實的指控及具誹謗性，損害他的聲譽，要求《立場新聞》刪除有關文章及道歉。被指誹謗梁振英之文章於8月12日在《立場新聞》發表，標題為《五年前的這件事與梁振英的紅線論》，當中重提了梁振英參選特首前的小桃園飯局，梁振英指有關文章將他描繪成黑社會成員，屬於錯誤及誹謗，要求鍾劍華及《立場新聞》刪除有關文章及道歉。鍾劍華其後曾撰文，表示願意就文章的時序上出錯而道歉，《立場新聞》也未有按要求刪除文章。（圖片來源：梁振英Facebook專頁截圖）,2018-08-24 00:00:00,http://www.passiontimes.hk/article/08-24-2018/47703
6人進食天天海南雞飯疑食物中毒,港聞,"衞生署衞生防護中心今日（8月24日）正調查兩宗懷疑食物中毒個案，共涉及6人。

首宗個案涉及4名男子，年齡介乎30至37歲。他們昨日於銅鑼灣的「天天海南雞飯」進食海南雞後，約7至17小時後出現腹瀉和腹痛等病徵。

第二宗個案涉及兩名女子，年齡介乎32至38歲。她們同日於同一所食肆晚膳，約12至13小時後出現類似病徵。

當中4名受影響人士曾經求醫，全部人毋須入院，所有受影響人士情況穩定。",2018-08-24 00:00:00,http://www.passiontimes.hk/article/08-24-2018/47710
遇風暴攜子女滯留大阪機場　港媽自爆「霸」育嬰室過夜遭聲討,港聞,繼有港媽到日本旅遊扮大肚過關被狠批後，昨晚（8月23日）再有一名港媽，因在大阪某機場離境時遇上風暴，與兩名子女通宵滯留機場，更在Facebook自爆與子女「霸左一間育嬰室」來過夜，結果被網友截圖轉貼至不同群組，遭到網民聲討。該名港媽在其帖子中指，因風暴關係航班被取消，被迫通宵滯留機場，其後表示「霸左一間育嬰室，好大，有房中房，有梳化、有熱水、有微波爐、有叉電位」等，設施齊備，雖然大人仍是不能瞓得舒服，但小朋友算係ok。結果當帖子被截圖廣傳至其它群組後，該名港媽即時被網民鬧爆，指她霸佔育嬰房作住宿用途的舉動不對，令香港人蒙羞。該名港媽在被網民指責後解釋，指當晚整晚也沒有人入內需要使用該育嬰室，只有一名外國人入內取水，自己只是錯用了「霸」這個字眼，又叫網民體諒小朋友瞓機場的苦況。不過網民就質疑，沒人會闖入使用中的育嬰室，哪猜到她們佔用育嬰室睡覺；也有網民斥責港媽曾查詢過民宿空位及收費，仍選擇霸育嬰室過夜，請港媽不要搬小朋友作擋箭牌要求體諒。（圖片來源：大埔群組截圖）,2018-08-24 00:00:00,http://www.passiontimes.hk/article/08-24-2018/47693
金管局又入市　再接17.66億港元沽盤,財經地產,港元今晨（8月24日）再次觸發7.85弱方兌換保證，金管局於紐約時段又入市接沽盤，買入17.66億港元。下周一本港銀行體系戶口結餘，將降至910.25億元。金管局上星期曾2日內4次入市，當時合共買入高達167.91億港元。,2018-08-24 00:00:00,http://www.passiontimes.hk/article/08-24-2018/47690
中國南韓偷步被DQ　港隊女子4x100混合泳接力摘銀,體育,"印尼亞運的女子4x100米混合泳決賽，港隊泳手事隔24年後，再一次歷史性取得亞運會銀牌。

港隊今晨派出黃筠陶、葉穎寶、施幸余及譚凱琳，於初賽取得第5名晉級，決賽換上歐鎧淳、楊珍美、陳健樂及鄭莉梅的組合，本來只得第4名，不過大會指第2的中國及第3的南韓，因「接棒偷步」犯規被取消資格，結果港隊升上第2位，金牌則由日本隊奪得。

（圖片來源：民政事務局）",2018-08-23 00:00:00,http://www.passiontimes.hk/article/08-23-2018/47688
網購減肥產品含未標示禁用西藥　衞生署呼籲停服,港聞,"衞生署今日（8月23日）呼籲市民，切勿購買或服用一種名為「SUSUYA」的減肥產品，因為該產品被發現含有未標示已禁用的西藥成分，服用後可能危害健康。

衞生署根據情報，從一名互聯網賣家購得上述產品樣本進行化驗。政府化驗所的檢驗結果顯示，有關產品樣本含有「西布曲明」及「比沙可啶」。

西布曲明」屬《藥劑業及毒藥條例》（第138章）（《條例》）下的第1部毒藥，曾用於抑壓食慾。由於該藥能增加心血管疾病的風險，因此自2010年11月起，含「西布曲明」的產品已被禁止在香港使用。「比沙可啶」是一種瀉藥，並可能引致腹痛。

（政府新聞處圖片）",2018-08-23 00:00:00,http://www.passiontimes.hk/article/08-23-2018/47686
中共打壓宗教自由又一新招　迫信徒簽「放棄基督教」承諾書,兩岸國際,中共打壓宗教自由之手段層出不窮，繼浙江強拆多間教堂的十字架後，據《美國之音》報道，在河南安陽和安徽馬鞍山等地，更有基督徒被迫簽署「放棄基督教」承諾書。美國華裔牧師劉貽在Twitter上貼出有關「放棄基督教」承諾書，內容為信徒本對基督教不太了解，信仰宗教也是盲目跟風。在經過學習了解，對宗教信仰有更全面了解，對自己的精神需求有更清醒認識，決定不再參與基督教宗教活動，不再信仰基督教。承諾書簽署方為家庭成員和村（社區）支委書記，除簽字外，還需要打上指模作實。備注上還表明會附上現場拍照或錄像，交鄉鎮建立檔案呈交上報。（圖片來源：劉貽牧師Twitter截圖）,2018-08-24 00:00:00,http://www.passiontimes.hk/article/08-24-2018/47697
梁穎儀亞運公路單車計時賽奪銅　港隊兩項劍擊團體賽勇闖四強,港聞,港隊在印尼亞運會今日再創佳績，除了在賽艇項目中奪得一銀一銅外，梁穎儀在公路單車女子20公里個人計時賽中，以34分22秒15勇奪一面銅牌。此外，港隊在劍擊方面也繼續有好成績，分別在男子花劍及女子重劍團體賽中闖入四強，因為賽事不設季軍戰，故港隊最少會奪得兩面銅牌。（圖片來源：港協暨奧委會）,2018-08-24 00:00:00,http://www.passiontimes.hk/article/08-24-2018/47698
亞運港隊賽艇添一銀一銅　趙顯臻及李嘉文為港爭光,體育,香港男子賽艇選手趙顯臻，在印尼亞運會輕量級單人艇賽事中取得銀牌，他在決賽中以7分14秒16衝線，僅敗於韓國選手。另外在女子組賽事中，李嘉文在女子輕量級單人艇雙槳賽事中，以8分27秒21取得一面銅牌，這也是她在亞運取得的第四面獎牌。（圖片來源：民政事務局Facebook專頁）,2018-08-24 00:00:00,http://www.passiontimes.hk/article/08-24-2018/47694
預計高鐵日均乘客量減至8萬　陳帆指因班次較預期少,港聞,政府昨日宣布廣深港高鐵香港段將於下月23日正式營運，預計日均乘客量是8萬人次，少於之前估計的10.9萬人次，運輸及房屋局長陳帆今早出席港台節目《千禧年代》時解釋，指因現時高鐵之班次較早前估算的少，而且營運初期有一段適應期，故8萬人次的預計日均乘客量是適當的，雖然數字較為保守，但對財務和持續發展都有益。陳帆又指，若乘客量日後上升至某一個百分比，會與中國有關當局研究增加直通班次。運房局副秘書長蔡傑銘則表示，如日後最終乘客數字較預期相差15%以上，政府便需要與港鐵以「七三比」分攤盈虧，8萬人次為預期日均乘客量的計算基礎。陳帆又指，對成功增加站點感到喜出望外，日後仍會繼續爭取增加其他站點，但因現時中國高鐵之使用率已很高，如再增加站點，即部分中國城市之高鐵減少班次，以騰出站點給香港高鐵使用。（圖片來源：港台新聞截圖）,2018-08-24 00:00:00,http://www.passiontimes.hk/article/08-24-2018/47691
再增四宗本地登革熱個案　其中三人曾到訪長洲,港聞,衞生署衞生防護中心今日（8月23日）正調查四宗新增本地登革熱個案。四名患者其中三人曾到訪長洲。四名患者分別為三男一女，年齡介乎18歲至76歲，其中三人曾到訪長洲，當中兩人為長洲居住。其餘一人則到訪獅子山公園。四人於8月6日至22日到先後到醫院求醫，並無外遊。上述個案為2018年本港錄得的第20至23宗本地個案。未計本地個案，截至今日中午，今年錄得共61宗外地傳入個案，主要從泰國（26宗）、菲律賓（12宗）及柬埔寨（7宗）傳入。,2018-08-23 00:00:00,http://www.passiontimes.hk/article/08-23-2018/47687
南韓前總統朴槿惠親信干政案　二審加刑至25年,兩岸國際,南韓前總統朴槿惠親信干政案，法院今早作出二審裁決，宣布將朴槿惠之刑期，由監禁24年增加至25年，另外增加罰款至200億韓圜。南韓首爾中央法院在今年4月6日的一審判決中，判朴槿惠入獄24年及罰款180億韓圜，朴槿惠也因為案件被彈劾罷免。朴槿惠另外因涉嫌受賄、違反選舉法案，在7月20日一審中被判入獄8年，故現時朴之總刑期長達33年。66歲的朴槿惠被指與親信崔順實共謀，以逼捐體育基金方式，向企業索賄774億韓元，崔順實早前已在一審中被判處20年徒刑，並被罰款180億韓元。,2018-08-24 00:00:00,http://www.passiontimes.hk/article/08-24-2018/47695
匯凱金業涉「倫敦金」騙案　18名員工被捕,港聞,警方8月22日前往上環的訊匯金融集團總部，搜查集團內的匯凱金業，將18名涉嫌與「倫敦金」騙案有關的員工帶走，涉及大約1200萬元。訊匯金融行政總裁沈振盈回應時指事件不影響訊匯金融運作，並強調自己不需助查。警方的搜查行動8月21日開始，行動中拘捕10男8女，年齡介乎21至59歲，涉嫌「串謀詐騙」，被捕人士已獲准保釋候查，九月下旬向警方報到，警方不排除將有更多人被捕。匯凱金業2009年在香港成立，是訊匯金融集團的子公司，9年在香港成立，聲稱提供國際黃金之24小時全天候交易服務。（圖片來源：網絡）,2018-08-24 00:00:00,http://www.passiontimes.hk/article/08-24-2018/47692
梁振英幼女遺行李事件引司法覆核　法官裁定空姐一方勝訴,港聞,前特首梁振英幼女梁頌昕前年在香港機場遺留行李，要求機場保安人員送回行李至禁區時遭拒，其後梁振英疑向機場員工施壓，迫國泰職員代送手提行李進入禁區，事件轟動全城。雖然機管局事後提交報告，指相關安排並沒有違反保安程序，但就引來空姐不滿，指違反旅客及行李需「同行同檢」之一貫做法。空姐就此提出司法覆核，法官今日頒下判詞，裁定空姐一方勝訴，機管局須支付訟費。機管局在今年4月，已將行李需「同行同檢」的保安條文刪除，企圖避過有關覆核官司。,2018-08-23 00:00:00,http://www.passiontimes.hk/article/08-23-2018/47676
回應行李門事件覆核　梁振英稱屬慣常做法並非特權,港聞,前特首梁振英幼女梁頌昕前年在香港機場遺留行李，要求機場保安人員送回行李至禁區時遭拒，其後梁振英疑向機場員工施壓，迫國泰職員代送手提行李進入禁區。港龍空姐就機管局修例「同行不同檢」的決定提出司法覆核，獲高等法院今日（8月23日），裁定勝訴。梁振英就裁決回應時指，當日航空公司將遺留的行李通過安檢後交給梁頌昕，是慣常做法，並非特權。梁振英回應時，引述兩年前機場管理局的公開報告：「機管局有既定程序處理遺失物品，以往亦曾以「酌情送遞」(courtesy delivery)方式，將尋回的失物在經過所需的安全檢查後，由機場非禁區帶到機場禁區，並歸還已確定的物主。報告指出，2015年3月至2016年3月期間，共有517宗類似個案，交還的認領物包括旅遊證件、銀包、電子產品、手提行李和衣物等。」，稱當日航空公司將遺留的行李通過安檢後交給梁頌昕，是慣常做法，並非特權。（梁振英FB截圖）,2018-08-23 00:00:00,http://www.passiontimes.hk/article/08-23-2018/47681
海關深圳灣檢獲逾百部走私電話　兩名男司機被捕,港聞,p.p1 {margin: 0.0px 0.0px 0.0px 0.0px; font: 12.0px '.PingFang HK'; color: #454545} p.p2 {margin: 0.0px 0.0px 0.0px 0.0px; font: 12.0px 'Helvetica Neue'; color: #454545; min-height: 14.0px} span.s1 {font: 12.0px 'Helvetica Neue'}海關昨日（8月22日）在深圳灣管制站共檢獲118部懷疑走私智能電話，估計市值約68萬元。事件中，兩名男司機被捕。海關人員昨日下午在深圳灣管制站先後截查兩輛出境私家車。經檢查後，在兩部車輛的暗格內發現共118部智能電話。兩名被捕的男司機分別為36及38歲。案件仍在調查中。（政府新聞署圖片）,2018-08-23 00:00:00,http://www.passiontimes.hk/article/08-23-2018/47678
初生嬰兒落馬洲住所內死亡　警方拘捕20歲母親,港聞,落馬洲新田今日（8月23日）發生懷疑虐兒案，案中一名三個月大女嬰死亡。經初步調查後，警方拘捕該名20歲母親。今日中午12時許，警方接獲一名20歲女子報案，指其三個月大的女兒於青山公路（新田段）東鎮圍一村屋的睡房內暈倒，女嬰沒有表面傷痕，現場證實死亡。經初步調查後，警方以涉嫌誤殺拘捕該名20歲母親，被捕女子現正被扣留調查。警方表示女嬰與父母同住，懷疑她曾被獨留家中一段時間，正追緝女嬰年約40歲父親。邊界警區重案組正調查案件。( TVB 新聞截圖 ）,2018-08-23 00:00:00,http://www.passiontimes.hk/article/08-23-2018/47683
高鐵香港段下月23日正式營運　短途站票價78至247港元不等,港聞,運輸及房屋局局長陳帆今午（8月23日）見記者，宣布廣深港高鐵香港段將於下月23日正式營運。陳帆續指，政府與港鐵達成十年的營運協議，估計港鐵會向九鐵公司支付約27億元的額外經營費。票價將以人民幣定價，但在香港就可以港元購票，匯率就按上月人民幣結算水平調整。香港至福田的票價為78元，而廣州南票價為247元。根據中港簽定的協議，中方將與香港分段方式分攤車票收益，以福田為例，港方可收到74元收益、至於廣州南車票，港方則可收到112元。（now新聞直播截圖）,2018-08-23 00:00:00,http://www.passiontimes.hk/article/08-23-2018/47679
九龍灣郵件中心發現44粒懷疑彈殻,港聞,九龍灣中央郵件中心發現懷疑彈殻。事件發生於今日(8月23日)下午1時許，一名58歲男職員於上址處理郵件期間，發現一個裝有子彈殼的膠袋，於是報警求助。警方接報到場，將共約44粒約長5厘米、闊1厘米的懷疑子彈殼檢走作進一步檢驗。消息指，檢獲的子彈殼屬於AK47步槍。警方將案件列作發現彈藥處理，交由秀茂坪警區刑事調查隊第一隊跟進。（圖片來源：維基百科）,2018-08-23 00:00:00,http://www.passiontimes.hk/article/08-23-2018/47682
TVB普通話翡翠台9月停播　成立不足半年,港聞,無綫再傳出裁員消息，2018年3月才成立的海外頻道普通話翡翠台以及TVB電台，將會在2018年8月底至9月初停播。TVB發言人回應時指，普通話翡翠台、TVB Radio及TVB8將於9月1日起停播。無綫在6月開始裁員，先是傳出結束TVBI、體育組、配音組、無綫16廠，然後是普通話翡翠台以及TVB電台，TVB8、TVB星河網站等亦有傳將會在9月停止服務。（圖片來源：網絡）,2018-08-23 00:00:00,http://www.passiontimes.hk/article/08-23-2018/47677
鄭松泰就行李門事件去信林鄭月娥　促廉政公署立案跟進,港聞,p.p1 {margin: 0.0px 0.0px 0.0px 0.0px; font: 12.0px '.PingFang HK'; color: #454545} p.p2 {margin: 0.0px 0.0px 0.0px 0.0px; font: 12.0px 'Helvetica Neue'; color: #454545; min-height: 14.0px} span.s1 {font: 12.0px 'Helvetica Neue'}前特首梁振英幼女梁頌昕前年在香港機場遺留行李，要求機場保安人員送回行李至禁區時遭拒，其後梁振英疑向機場員工施壓，迫國泰職員代送手提行李進入禁區。港龍空姐就機管局修例「同行不同檢」的決定提出司法覆核，獲高等法院今日（8月23日）裁定勝訴。熱血公民主席鄭松泰議員就截決，要求特首林鄭月娥下令廉政公署正式立案跟進，維護香港廉潔。熱血公民主席鄭松泰議員指，梁振英安排航空公司地勤職員代將行李送檢並帶入禁區予梁頌昕，違反「同行同檢」的做法，又指梁振英當時的行為涉嫌「以權謀私」，利用特首權力為其女兒提供免安檢的特權。鄭松泰要求特首林鄭月娥，下令廉政公署就梁振英「行李門」一案正式立案跟進，維護香港成為國際公認的廉潔都會。,2018-08-23 00:00:00,http://www.passiontimes.hk/article/08-23-2018/47680
元朗緝毒行動檢獲冰毒　42歲男子被捕,港聞,"香港海關昨日（8月21日）在元朗檢獲約兩公斤懷疑冰毒，估計市值約110萬元。

海關人員昨日晚上在元朗進行緝毒行動，截查一名男子，檢查其所攜帶的一件快遞郵件時，發現一支工業用金屬滾軸，並在滾軸內檢獲該批懷疑冰毒，該名42歲男子因此被捕。

（政府新聞處圖片）",2018-08-22 00:00:00,http://www.passiontimes.hk/article/08-22-2018/47664
蕭頴瑩馬術盛裝舞步奪冠　贏得港隊亞運首面金牌,體育,港隊代表蕭頴瑩，在亞運馬術盛裝舞步奪得冠軍，為香港贏得在今屆亞運首面金牌。蕭頴瑩在早前兩回合比賽排名第三及第二，晉身最終回合賽事，最後得分為77.045分，超越前兩回合賽事排首位的馬來西亞騎手，奪得金牌。蕭頴瑩為第四次參與亞運賽事，曾兩次得第四名，今次亦是歷來首次在亞運會馬術盛裝舞步項目取得金牌。（圖片來源：港協暨奧委會）,2018-08-23 00:00:00,http://www.passiontimes.hk/article/08-23-2018/47672
澳洲禁部分電訊商參與5G網絡　消息指禁令針對華為及中興,兩岸國際,澳洲政府今天（8月23日）宣布，基於國家安全理由，禁止部分電訊商參與當地5G網絡建設，由於有匿名官員指有關措施是針對華為及中興通訊，華為隨即在社交網站發文，對澳洲決定「極為失望」。澳洲政府的聲明中，不點名指有電訊設備供應商可能受外國政府「非法指示」，使用相關設備，將令澳洲網絡容易受到未經授權的入侵和干預，由於5G網絡的新架構，有能力避過傳統的保安系統，構成網絡及用戶私隱等問題，因此禁止相關公司為其5G寬頻網絡計劃供應設備。有匿名政府官員稱禁令是針對華爲和中興通訊，6月亦曾有媒體報道澳洲政府質疑電訊商華為背後由中國政府控制，華為在社交網站發文否認受中國政府操控，又稱澳洲禁止華為和中興通訊提供5G技術設備，會令消費者「相當失望」。（圖片來源：華為澳洲Twitter截圖）,2018-08-23 00:00:00,http://www.passiontimes.hk/article/08-23-2018/47673
美今對160億美元華貨加徵關稅　黨報批「單邊主義」損害世界,兩岸國際,美國將於當地時間8月23日，開始對160億美元中國貨品徵收關稅，包括半導體、化學品、塑料、電單車和電動滑板車等279種中國進口貨品將加徵25%關稅，《人民日報》發文指責美國的「單邊主義」會損害世界。《人民日報》稱美國一向以「自由貿易捍衛者」以及「全球化倡導者」自居，但本屆政府上任後，美國突然變成「自由貿易吃虧者」和「全球化受害者」，並將多邊貿易體制棄之不顧，又以《巴黎協定》、伊朗核協議、以及世界貿易組織規則為例，指責美國退出主導簽署的協議，會令「任性的美國失去誠信」。中國聲稱會採取對等報復措施，對價值160億美元的包括能源、鋼鐵產品、汽車和醫療設備的美國進口商品加徵關稅。（圖片來源：人民網截圖）,2018-08-23 00:00:00,http://www.passiontimes.hk/article/08-23-2018/47670
KFC周四起停派飲管杯蓋　外賣及特飲除外,港聞,"肯德基家鄉雞（KFC）今日宣佈，由明日（8月23日）開始，除外賣及指定特飲之外，KFC全線香港及澳門分店，將會停止供應飲管及杯蓋。

KFC亦由今日開始，於10間指定分店擺放飲品及杯蓋回收箱，回收用過的飲管同杯蓋，清洗之後會交予一位本地藝術家，去製作藝術品。",2018-08-22 00:00:00,http://www.passiontimes.hk/article/08-22-2018/47665
被指發布政治及誤導公眾訊息　逾650個專頁及帳戶遭Fb移除,兩岸國際,社交網站Facebook表示，近日已根據線報，移除超過650個有問題的專頁、群組和帳戶。Facebook指有關專頁、群組和帳戶與俄羅斯和伊朗有關，在Facebook上發布一些政治或誤導公眾的訊息。Facebook在上月底，也曾刪除Facebook及Instagram 32個虛假帳戶及專頁，懷疑俄羅斯透過有關帳戶，企圖干預11月美國中期選舉。此外，微軟公司也刪除了多個偽冒美國參議院和智庫組織的網站，懷疑有關網站由俄羅斯黑客組織設立，目的是騙取用戶的密碼及個人資料。,2018-08-23 00:00:00,http://www.passiontimes.hk/article/08-23-2018/47668
再增一宗本地登革熱個案　患者曾訪獅子山公園,港聞,"衞生署衞生防護中心今日（8月22日）新增一宗本地登革熱個案，患者居於西貢，曾到過懷疑是源頭的獅子山公園。

患者為一名53歲男子，居於西貢竹洋路璟瓏軒，他在8月15日發病，潛伏期內曾到訪獅子山公園，沒有外遊，8月21日到將軍澳醫院門診求醫，目前情況穩定。

上述個案為今年本港錄得的第19宗本地個案。如未計本地個案，截至今日中午，今年錄得共61宗外地傳入個案，主要從泰國（26宗）、菲律賓（12宗）及柬埔寨（7宗）傳入。",2018-08-22 00:00:00,http://www.passiontimes.hk/article/08-22-2018/47663
指支付女星掩口費非競選經費　特朗普：費用出自私人資金,兩岸國際,美國總統特朗普前私人律師科恩，於當地時間8月21日承認違反競選資金法等罪名，受特朗普指使向兩名女子支付掩口費，特朗普稱掩口費來自自己的私人資金，不屬於競選經費。科恩曾在法庭不點名指自己受一名「候選人」指使，干犯了違反選舉財務法的罪行，向成人電影女星Stormy Daniels，以及《花花公子》封面女郎Karen McDougal分別支付13萬和15萬美元掩口費，阻止兩人因對外披露與特朗普婚外情影響選情。雖然科恩無在法庭點名，但他的代表律師戴維斯，翌日指明特朗普指使科恩行事，戴維斯聲稱科恩會向特別檢察官米勒提供資料，包括特朗普是否知悉2016年大選時民主黨電郵遭入侵，以及對俄羅斯圖謀破壞美國民主知情不報。（圖片來源：網絡）,2018-08-23 00:00:00,http://www.passiontimes.hk/article/08-23-2018/47669
華信航班台中降落時壓到跑道燈　機上74人安全,兩岸國際,"今晚（8月22日）晚上約7時半，一班由澎湖馬公飛往台中的華信航空AE788班機，於降落清泉岡機場時偏離跑道，機上74人全部安全。

據台灣《自由時報》報道，涉事航班於今晚6時許起飛，華信指飛機降落時疑似壓到跑道邊燈，飛機又彈回跑道上，並未衝出跑道，機上70名旅行及4名機員順利離開。

受事故影響，台中清泉崗機場暫時關閉，當地飛安會已經介入調查。

（圖片來源：Pbdragonwang｜CC BY SA 3.0）",2018-08-22 00:00:00,http://www.passiontimes.hk/article/08-22-2018/47666
指中國研改回鄉證為港澳居民身分證　葉國謙：有助加強國民身份認同,港聞,港區人大代表葉國謙今早出席港台節目《千禧年代》時指，稱中國正研究將俗稱「回鄉證」的港澳居民來往內地通行證，變成「中華人民共和國港澳居民身份證」。葉國謙聲稱，中國願意研究的項目，成事機會一般較高，而「回鄉證」由旅遊證件「提升」至身份證，可令港人「更容易融入內地的社會服務系統，有助加強國民身份認同」，又稱「中港兩地逐步融合，屬大勢所趨」。葉國謙聲稱「港澳居民身份證」推出後，中國不會再發「回鄉證」，但不會強制要求所有港人申請，亦不會令本港身份證消失。葉國謙直言，北京政府愈來愈關心《基本法》23條何時立法，顯示國家安全與地區發展關係密不可分。他認為今屆政府一定要有所作為，為23條立法創造條件。葉國謙又稱中國正研究讓沒有中港車牌的香港車輛，短時間駛進中國，港人只需上網登記及繳交費用便可，又聲稱措施只是單向，不會令中國車輛湧港，否則香港交通系統不能承受。（圖片來源：港台新聞）,2018-08-23 00:00:00,http://www.passiontimes.hk/article/08-23-2018/47671
帶BB彈槍被判藏有仿製火器罪成　16歲少年還柙候判,港聞,"去年12月12日，立法會正討論修改《議事規則》，一名16歲少年當日在立法會外被搜出疑似氣槍的仿製槍械，今日（8月22日）於東區裁判法院被裁定一項管有仿製火器罪名成立。

被告自辯時指自己支持港獨，當日到集會現場拍攝，因害怕其政治立場而受襲，所以帶BB彈槍自衛。

裁判官認為被告的行為矛盾及不合情理，屬匪夷所思，裁定他罪名成立，押後到下月12日判刑，以待感化、勞教中心、教導所、更生中心等報告，被告還柙候判。",2018-08-22 00:00:00,http://www.passiontimes.hk/article/08-22-2018/47667
八中國留學生南非遇刧　一人中槍死亡,兩岸國際,八名中國留學生到南非最大城市約翰內斯堡旅行時遇上劫匪，其中一人被劫匪開槍打中胸部，救護員到場證實中槍學生死亡。中國駐當地總領館聲稱，8名學生於8月20日晚乘搭巴士返回學校時，被劫匪舉槍指令交出財物，一名學生因試圖取回背包內的護照，被劫匪開槍打中胸部，同學事後報警求助，救護員到場證實中槍學生死亡。不過約翰內斯堡警方稱學生是乘搭的士時遇劫，當時學生相約的司機遲到，轉乘另一架的士，學生聯絡到相熟司機後，要求所乘車輛司機接應，但該司機拒絕並在市內不斷行駛，後來劫匪截停的士並殺死學生。（圖片來源：網絡）,2018-08-22 00:00:00,http://www.passiontimes.hk/article/08-22-2018/47653
香港劍擊隊亞運添1銀2銅　崔浩然花劍決賽飲恨,體育,"香港劍擊隊今日（8月21日）在印尼亞運中，取得1銀2銅佳績。

崔浩然在男子花劍個人賽中，於4強擊退港隊隊友張家朗晉級，惟於決賽以10:11不敵中國的黃夢愷，取得銀牌，而張家朗就獲得銅牌。

女子重劍個人賽方面，港隊江旻憓於4強戰不敵南韓選手，由於不設季軍戰，她連續兩屆摘銅。

（有線新聞截圖）",2018-08-21 00:00:00,http://www.passiontimes.hk/article/08-21-2018/47649
夏航10月初暫停檀香山來往北京航班,兩岸國際,美國夏威夷航空公司突然宣布，將於10月中國國慶黃金周結束之後，暫停每星期三班來往檀香山和北京之航班，但未有交代原因。夏威夷航空表示，已訂票之乘客將獲全額退款，或改乘較早出發之航班。公司又表示，將來有意重返中國，並繼續維持在中國的銷售夥伴及代表處。此外，美國航空公司也宣布，10月將暫時取消來往上海和芝加哥之航班，公司指因燃料價格高企及競爭激烈，公司盈利受到影響，如日後條件改善，將會重開有關航線。（圖片來源：網絡）,2018-08-22 00:00:00,http://www.passiontimes.hk/article/08-22-2018/47654
休班警涉企圖盜竊案開審,港聞,"一名駐守觀塘警區的32歲休班男警，被指於今年2月於港鐵車廂內，企圖偷竊一名尼泊爾籍女乘客背囊內的物件，被控一項企圖盜竊罪，案件今日（8月21日）在九龍城裁判法院開審。

控方指今年2月6日，警方在金鐘站進行反罪案調查期間，發現被告梁鴻基在月台形跡可疑，警方在監視期間，見到被告用右手拉開事主背囊的拉鏈，另一隻手則手執外套遮掩。

警員在尖沙咀站截停被告，被告表明自己警察身份，堅稱自己未有犯案，之後就突然逃向國際廣場方向失去蹤影，被告於翌日被捕。

17歲女事主就表示，無感覺到有人觸碰她背囊和拉開拉鏈，之後有男子告訴她的背囊被打開，她未有發現財物損失。",2018-08-21 00:00:00,http://www.passiontimes.hk/article/08-21-2018/47648
本港空氣質素轉差　元朗屯門首當其衝,港聞,"環保署錄得較正常為高的空氣污染水平，今日（8月22日）下午4時，元朗及屯門一般監測站的空氣質素健康指數錄得10，相對的健康風險級別達到「甚高」水平。

本港今日部分時間有陽光，能見度較低，吹微風。自今晨起本港地區錄得較正常為高的二氧化氮及臭氧。本港受污染程度較高的氣團影響，而微弱的風勢亦不利污染物擴散。日間的陽光有利光化煙霧現象，令臭氧及微細懸浮粒子在珠江三角洲區域內迅速形成。特別在巿區部分地區及路邊，較高的臭氧水平亦會加速二氧化氮的形成。預料今日稍後時間，部分一般及路邊空氣監測站的空氣質素健康指數可能達至「嚴重」水平。

根據香港天文台預測，未來數天仍然吹微風。環保署預料在風勢增強之前，本港的空氣污染仍會維持在較高的水平。",2018-08-22 00:00:00,http://www.passiontimes.hk/article/08-22-2018/47660
梁國雄申請北京專家作供　上訴庭拒批,港聞,社民連梁國雄就取消立法會議員資格案件提出上訴，梁國雄申請北京大學教授張千帆為專家證人，上訴法庭今日（8月22日）拒絕其申請，並下令梁國雄支付3萬4千多元訟費。上訴庭法官認為梁國雄一方部分理據沒有合理可爭辯的空間，亦不涉及重大而廣泛的公眾利益，無法說服上訴庭原審法官犯下錯誤，無開庭直接頒發書面判詞，駁回梁國雄就許可傳召專家證人上訴至終審法院，並下令梁國雄支付訟費。梁國雄的上訴案件，將於2018年11月28日至29日聆訊，梁國雄曾申請傳召北京大學法學院教授張千帆為專家證人，就全國人大常委會對《基本法》第104條釋法是否有追溯力等提出意見，但上訴庭法官以梁國雄延誤尋找專家證人，張千帆的解釋亦難以協助梁國雄上訴為由，拒絕梁國雄的申請。,2018-08-22 00:00:00,http://www.passiontimes.hk/article/08-22-2018/47659
批西九管理局不正當終止「M+」合約　新昌提交爭議通知書,港聞,新昌營造母公司新昌集團控股發公告，表示已在8月20接獲西九管理局通知，中止「M+博物館」主承建商新昌營造的合約，並已西九管理局呈送爭議通知書以維護利益。新昌集團控股批評西九管理局「不正當終止」合約，並正評估事件對公司財務或其他方面的潛在影響。西九文化區管理局8月19日發表聲明，因新昌營造母公司新昌集團控股面臨嚴重財務困難，已向新昌營造發出終止合約通知，終止M+博物館主要工程合約，並稱對方已在8月17日下午收妥。西九管理局將緊急作限制性招標，另聘承建商接管M+工程直至完工，預計招標需時六至八個星期，期間M+博物館工地將會關閉。,2018-08-22 00:00:00,http://www.passiontimes.hk/article/08-22-2018/47655
委內瑞拉7.3級地震　暫未有傷亡報告,兩岸國際,委內瑞拉在香港時間今早約5時30分，發生黎克特制7.3級強烈地震，連首都加拉加斯也感到明顯震動，民眾慌忙逃離建築物避難。太平洋海嘯警報中心指地震或會引發小型海嘯，暫未有傷亡報告。美國地質勘探局指震央位於委內瑞拉北部港口卡魯帕諾東北面37公里，震源深度123公里，屬於深層地震。（圖片來源：美國地質勘探局）,2018-08-22 00:00:00,http://www.passiontimes.hk/article/08-22-2018/47652
政府推科技專才培育計劃　為期5年,港聞,"創新科技署公布，以先導形式推出為期五年的科技專才培育計劃，博士專才庫企劃和再工業化及科技培訓計劃。博士專才庫企劃資助機構聘用最多兩名博士後專才從事研發工作，受惠機構為創新及科技基金撥款的機構，及香港科技園公司和香港數碼港管理有限公司的培育公司及從事創科工作的租戶。每名博士後專才提供每月32,000元的津貼，最長24個月，報名的博士後專才，須持有由本地大學或具特別認受的非本地院校頒授的科學、科技、工程和數學（STEM）相關學科的博士學位。（圖片來源：""科學園二期地標：高錕會議中心（俗稱：金蛋）"" by Wpcpey | CC BY 3.0）",2018-08-22 00:00:00,http://www.passiontimes.hk/article/08-22-2018/47658
香港少女台灣遇害案　男友被改控4項洗黑錢罪,港聞,涉嫌於台灣謀殺女友的19歲男子，因涉使用案中死者的銀行卡在港提款，案件今日（8月22日）再於觀塘裁判法院提堂。控方早前透露考慮加控謀殺或其他罪名，不過經控方修訂及新增控罪後，被告現被控4項洗黑錢及3項盜竊交替控罪，案件押後到9月10日在東區裁判法院提訊，以稍後轉介高等法院審理。19歲被告陳同佳被指於今年2月17至3月13日，處理屬於女友潘曉穎的銀行提款卡、相機、手機及2萬元台幣。他又分別被指於2月19、20及21日，處理超過1.92萬元。被告無申請保釋，繼續還押看管。2018年3月初，一名姓潘的男子向香港警方報案，指自己的女兒與姓陳的男友2月13日去台灣旅遊後失蹤，警方調查時，發現被告曾用死者的銀行卡提款，於3月13日傍晚拘捕被告，被告在警誡下承認在台灣殺害女友然後棄屍。,2018-08-22 00:00:00,http://www.passiontimes.hk/article/08-22-2018/47657
特朗普前律師認違競選財務法　稱曾受候選人指示付女星掩口費,兩岸國際,美國總統特朗普的前私人律師科恩，與聯邦檢察官達成認罪協議，承認違反競選財務法、銀行欺詐及逃稅等八項控罪。科恩在紐約曼哈頓法院，承認受一名候選人指示，向兩名聲稱與特朗普有染的成人電影演員及雜誌模特兒支付掩口費，目的是影響選舉，但他並無點名提及「候選人」名字。根據認罪協議，科恩同意若被判監46至63個月，他不會提出上訴，法官定於今年12月12日判刑，並准許科恩以50萬美元保釋。（圖片來源：無綫新聞截圖）,2018-08-22 00:00:00,http://www.passiontimes.hk/article/08-22-2018/47656
